label,gait_speed,stride_time,stride_length,cadence,knee_rom,step_time_std
0,1.3457075619631647,0.9668012715007603,1.4400541434967749,122.5245177311297,50.24482405673082,0.01697820493137682
0,1.3191760604750928,1.0247005926125135,1.3479838610994854,108.17564857941136,64.39698987431414,0.03777791935428948
0,1.3099046046341825,1.1401792965574427,1.4061011210702457,108.1256602969341,61.843753920412496,0.02041117399171001
0,1.431767545196091,1.0460059271210997,1.3278165163745688,109.55256364476847,66.11270669337016,0.02845470517931198
0,1.235750826675534,1.0218293159609417,1.4138771022664018,117.92355251491263,62.063663057979944,0.03430821003007883
0,1.6212471401305693,1.0174867986892309,1.2885308725114155,108.48981817401697,63.079897112877475,0.041289722927208915
0,1.2829078813517687,0.9827874818429978,1.2510622541170513,120.20474230259761,63.71627085601721,0.03543154268305195
0,1.2001735439066958,1.0685729058453377,1.3640022970968875,116.7495087738321,64.35714388974095,0.03223595548774682
0,1.4018370344607842,1.0554063255591113,1.3846943278427981,120.05030580670832,52.71422090072167,0.026803287836426985
0,1.2294441018560807,0.9988897721405327,1.316982929852798,126.95953048987516,55.670844421533786,0.039682783545914806
0,1.0475695342576294,1.0232091976011382,1.3695303678126007,119.68977865087423,63.55613289896427,0.03793347235199925
0,1.2476912391627344,1.0130118565868347,1.4529571057508586,113.46956540094708,53.62156838331039,0.01866712785996519
0,1.1620821570997584,1.0897728595243013,1.367091088328468,120.52388283254214,57.86373676831733,0.031585396910767144
0,1.3938385590951006,1.025252276822381,1.4048130285068894,109.7045924714668,58.18473076717464,0.026182621060016707
0,1.120624053161644,1.0889577984628467,1.2936717191756733,115.0999529498215,62.403733294529545,0.03446531176029944
0,1.399807766345918,1.0421211612392463,1.2992042025547017,114.3622543127488,51.56332783020985,0.015528875275769126
0,1.1015950581468397,0.9702202537918815,1.3979729072068126,107.75616755711951,58.109187229803055,0.04299228297786065
0,1.246560404340786,1.109001245477367,1.2379658783988148,113.35649953705897,55.24988972544709,0.026609669240994373
0,1.4260462206186093,0.9118143661446121,1.402130837225503,116.90188481865822,57.02925022151603,0.015539421456115452
0,1.3108194261570805,1.0076405832748958,1.3779211453625646,115.17481716418754,68.00889445660458,0.027606443725269755
0,1.1464753761067203,1.0643420507965053,1.3763996020766118,125.8735006019235,64.17555622957289,0.03356871059149509
0,1.5194954336829343,0.9548989556541719,1.2732298160700304,107.5873924687558,58.05095098422116,0.01623313852443691
0,1.3952726420221606,1.0322221842320982,1.1735032446596811,106.87536735033967,61.56756923725098,0.03838126567894381
0,1.599509633753768,1.2831089972805865,1.3997291319931195,107.08369503974508,49.339768596343454,0.03267711462343836
0,1.1780588357034512,1.0167714191856252,1.2765483841128231,113.87367290866892,65.32990115393822,0.03157048567445345
0,1.2762047744441969,0.9671476997739351,1.1490380466354773,111.10953672741336,59.7310872459084,0.047679299135798825
0,1.319541178220933,1.1286191608818446,1.290084528175302,105.5204498686638,55.17441618883814,0.022747739354642468
0,1.6192704598652747,0.9842890656620491,1.4506187044483614,107.77658257530379,64.65786506437122,0.03384950966105863
0,1.2765043153512865,1.0467389979091652,1.2714254765484732,118.56857761185664,57.7250825982961,0.017743942362327517
0,1.1083093638520571,1.0638070334177696,1.5394909507692522,116.27993290858751,59.40680836945059,0.03285826139602543
0,1.4959002612560237,1.0675506001091086,1.3006887322999516,123.85030968047911,62.143782192308066,0.04535755991995992
0,1.327485165583286,0.95204247746236,1.1858208960905203,128.20742345784998,68.61832860391648,0.02820480786717399
0,1.2425219018296019,1.1669155433793763,1.2171545181547816,107.84218384835339,63.21663397344522,0.0260539487714041
0,1.2992317199919894,1.036924568118039,1.3905089458558721,126.25985489050973,60.452924534508725,0.036439387932768574
0,0.9924741848453467,1.0461025278455907,1.2488123675648555,105.24949551661098,55.609238165356246,0.02665876559299188
0,1.437385381353402,0.943888582580835,1.35367577911133,111.12664453333137,58.361634528190194,0.04002757825304604
0,1.380717315550589,1.1569918485954196,1.331459318490012,109.43245910663438,58.8807059155975,0.03242496791271222
0,1.3264860037680566,0.9632489542213307,1.360858773795345,116.82582664111123,72.5873701876696,0.0487684461128167
0,1.172013497416177,1.027009331076066,1.1743869597795598,110.27434388829211,61.5780250179517,0.042058536208882336
0,1.1906374243384588,0.9976682847945764,1.0923253164313615,113.69867263564073,54.68792794070218,0.02470560572633926
0,1.1684708832748618,1.0424589956597954,1.1390725930372043,103.26363803687208,70.64623556014149,0.01712577418725969
0,1.1354821632318042,1.196953082265705,1.698608060308849,105.62746696939726,58.158755216059845,0.033415555509405094
0,1.559304646660839,0.971051433725741,1.3205666584869469,121.21870060849395,62.17383037233309,0.026238439287699006
0,1.2799265553225938,0.9400083353304015,1.3214191507230402,112.86890007992835,61.16084944813128,0.02444672781180984
0,1.3707307783817708,1.1310172654255863,1.368651519320216,117.81405126719363,60.26577673788934,0.03000084393091414
0,1.191766294968573,1.0753195409338647,1.3383256081903814,131.74534647144475,67.86677451237621,0.033858465525565005
0,1.1855414185457849,0.9610070822413266,1.492937154370664,117.1019938011771,62.400717016958055,0.012554140130258074
0,1.439115772233727,1.086353627057149,1.2167483178702627,111.2278015404004,61.3185860217826,0.030524667983562435
0,1.2561743221294668,1.0417209385547233,1.3197627146151738,116.22050009681975,67.35745986496579,0.004333415590687024
0,1.2644724603235473,1.0641209937097957,1.385519278762452,112.02468334942968,51.216391087607086,0.03327995483714109
0,1.5591025321246277,0.9272910876067091,1.4536593616437827,112.37179821501685,59.69337827085576,0.019471014892960506
0,1.2498315741466186,1.1540035675759168,1.4199186290385248,128.85849284327955,65.88705944488846,0.03439086678929576
0,1.5615901789251687,1.085119452699064,1.449358581215647,112.62743237172234,60.33272907929602,0.02302576176699723
0,1.448437590189228,0.9557357101508108,1.4438820410901194,113.47479153995873,65.8562354673366,0.037508689887312596
0,1.5730969236470203,1.1084619752910916,1.1613551693216113,114.4643746168144,54.13996403702592,0.024817201576337253
0,1.5266842649915082,1.1010027048718158,1.2661283485705506,106.8902610684768,60.1639104643813,0.01783439850618872
0,1.199328958390513,1.0749607577240996,1.4886374443328036,119.87009177779552,48.5435524570095,0.0330436672903026
0,1.3108050359848866,1.0831112228298154,1.543945161798145,98.49409378556206,57.04448287404447,0.035909063227933545
0,1.0627608400819086,1.1680759238442808,1.394202793524079,121.77267188674723,57.14528169239103,0.038137636899662104
0,1.4602707333983558,1.0686302416109734,1.3781281071238436,117.1627459142538,55.68327367630309,0.02852471319759647
0,1.2771216201321463,1.0806715091482797,1.4699789096292355,106.53171134417272,59.37495484840211,0.04481455547658973
0,1.1884617656781153,0.9842199986167744,1.3742767430197433,121.75508152388257,60.057130277803296,0.04328960590436989
0,1.428519097384979,1.117345605351205,1.4164939801588914,133.62122480276867,58.974191555669776,0.00996477707933486
0,1.540638154227571,1.013384045523454,1.3629456533211641,125.47640547888422,51.98870229470538,0.017483527858938606
0,1.059808309432172,0.9864690967979661,1.4027563927220392,119.19350274250216,61.38137089664277,0.015872341161076334
0,0.9534844845051034,1.0543482868312306,1.2933868759633997,118.6750861737329,63.50976813110635,0.03138241432058682
0,1.414019962806378,1.0683369099292055,1.413607764672176,109.36261389704094,59.10194293084271,0.03196776096656957
0,1.4230792713126128,1.0185007062220344,1.4125400706878537,112.87328966467697,59.41228916335935,0.03829519042024073
0,1.0010409443418766,0.9462822137540192,1.1721377523068617,96.33107104121356,56.60867779922412,0.0374943389972774
0,1.257267390042614,1.0658232065553481,1.4807060996052952,125.62148905814153,59.654310326369306,0.043535858895693974
0,1.3138189987651163,0.983008142093803,1.2786719577361518,103.15570789947986,55.55933073133174,0.026419833119255706
0,1.4205377529067902,1.1876615864932787,1.1841382181547553,118.14261974607935,54.79728030421233,0.03474697088463202
0,1.280337002396841,0.9035275339321976,1.4613956389882181,110.15999429753015,57.330498808132226,0.0193024758871031
0,1.2018575084968668,1.0842312352555934,1.3272906790876313,117.62929601825985,61.80960926964422,0.04320661655528167
0,1.248582077370343,0.9318513746523415,1.478066689988638,112.34809462322197,65.57296222288689,0.0338337711318247
0,1.2803293704694982,1.0779020715237038,1.584121507215156,131.61584423243002,60.34690567566389,0.03160190593317075
0,1.461436023619958,0.9823471173786122,1.3899684447141907,114.79309721636915,61.569541057287765,0.02166631194050594
0,1.0615648760036547,0.8841613251206967,1.2159139064412472,111.33059772048533,58.53404206675619,0.04937231162429517
0,1.4658990054860948,0.9730327106926698,1.3917250142941149,111.7433741091974,58.57818080979953,0.03185325649415382
0,1.392875667546309,1.022859321289279,1.477662183928123,105.86449419086077,60.03169531181134,0.05597673726595832
0,1.3334619613937913,1.1646571605284939,1.360982421380785,119.64621676263837,59.71608402803654,0.028295924188357954
0,1.1830776404911871,1.0844241087166042,1.247815537297708,120.32468189050743,65.42643502222955,0.0336653140723723
0,1.2570626899666462,1.0863172463446957,1.3129592333344307,122.48437700372119,50.84296957892438,0.026643926318813536
0,1.0013782007314003,0.9303951335818237,1.5136634675776692,122.16147985577349,56.40259883357605,0.014974965439591028
0,0.8553206743237524,1.0065203593653893,1.6404498014696884,118.47907417170919,57.20213856975255,0.03465080209500306
0,1.0658562470508337,1.0262141309841892,1.3619372967618888,114.31119478543161,63.9540306084504,0.033446452262360524
0,1.4002489027161995,0.9949302174215393,1.4577378490092658,128.03149558099193,55.149252401742935,0.0211230434428544
0,1.500367650448035,1.0346924810643952,1.5184585670479869,111.45971430486253,67.27522788135356,0.03131485816805452
0,1.3387343234984044,1.1751774417335925,1.3065875427066995,107.47102323260033,57.75717895985823,0.03452333950643138
0,1.0651361391729228,1.1009976722120898,1.2853474418858708,124.18250128586851,48.02869847549764,0.022134342248958314
0,1.0470297773148847,0.9839016426908839,1.3797199081330733,113.56618699640197,58.733112155259924,0.02840815128619939
0,1.3305082360929916,0.9693171166445514,1.4348219569078862,120.30132776308388,61.925189688280504,0.03556533442751263
0,1.344462700121299,1.2128058642184854,1.339548699473699,112.54333425332338,56.23236209821311,0.01967737329422163
0,1.1133292318598387,0.9788962149415266,1.3415183542017515,117.67436102798172,60.25571029276081,0.02234464722570287
0,1.4350276846029946,1.109153013784076,1.330842203109358,109.77667084268231,62.742139604148996,0.031879735874861044
0,1.0827809110877429,1.0445615795212477,1.3814442974489258,107.80244170809797,60.949216964187215,0.015451775147422107
0,1.5004279150018256,1.1498359988047546,1.3196979198836443,117.90763470271258,47.95039017100063,0.01843652339734667
0,1.2559331619771805,0.9642293582858513,1.435727577915679,130.97837224598396,54.116926402853494,0.021625365959148074
0,1.3353172552464896,1.1788892918799698,1.2033150824952117,116.99228897845553,69.10649425406554,0.013482408518207326
0,1.1078396189731252,1.016111471483133,1.2875293904573508,121.50081030202915,61.20829859910419,0.012250379403578714
0,1.3773115604351216,1.003796889011548,1.5029336660329489,109.97929970850464,56.81692358448882,0.035411316108045314
0,1.4144389723505406,1.0858479491148962,1.147728321913823,119.30427551942601,54.828459741628,0.03235276111588263
0,1.086439834690141,1.085705771803445,1.2532081314831154,104.73892279791582,63.569100682412,0.03241644521676751
0,1.2079034797910655,1.1660943079216852,1.297121709411631,115.25686139176747,61.344567238393005,0.023803340658713864
0,1.3706704440099895,1.007323812226822,1.300603401334055,125.90114111842672,54.79706973743784,0.005872196690705097
0,1.5416405492517842,1.2539462362085603,1.3013676881460803,99.50529567503852,58.44758011902028,0.027137770501593307
0,1.2715114238466614,0.9609289566462522,1.4195473370971774,119.19605900228869,52.52797190090347,0.03699196731694888
0,1.6079027472918836,1.0637568265949648,1.3095209805517793,113.86397428473983,63.076283834842805,0.012693283944927816
0,1.3246586054465954,1.0187628840429752,1.5717390015547255,113.60661812956033,68.3394380555976,0.018962593022179924
0,1.3880888750204188,1.0755520211032983,1.2457143302562261,116.41916891709552,66.062594184158,0.026762082957133993
0,1.0462056026245357,1.0485949738818043,1.2417092286248985,112.26127249068894,59.5920611515744,0.012943477839844827
0,1.0576512491018983,1.088565346842042,1.2872737564596384,94.48204526543546,63.924220183040674,0.032723697552742396
0,1.1929187763945275,0.9446535831153408,1.4502969475577205,117.79480498048343,71.91301141342036,0.034201885987249374
0,1.3581554711893022,1.0366457655913148,1.4480131040640951,120.00068160998524,66.25862504282597,0.02478677081362715
0,1.2346888790584056,1.0116717463270417,1.4448962065414788,126.98699552237386,57.7057975342535,0.025752262722069087
0,1.34711158358047,1.030339079998968,1.4642464383767868,96.98578167504763,55.866474765415525,0.022175836660385542
0,0.9519465981420783,0.9729089244504957,1.240181266098489,113.39116276384935,65.56482945830132,0.027549393488092974
0,1.145377941959327,1.0454436367029176,1.475900834572962,107.19232947108077,55.44712558039276,0.035585489592742235
0,1.26676958264038,1.101798775256758,1.3483623849845645,120.61330918471654,54.824609429796794,0.029879153492117325
0,1.2683964978455264,0.9527287260716696,1.1623826462557574,120.48599228219729,58.24523808891011,0.019777197183526704
0,1.2855731594615003,1.1402415085879443,1.0763114585553692,103.02689048077339,55.385567790523666,0.04461178866720329
0,1.3423880474378944,1.1113853792368982,1.2131806897048525,106.0437129978358,62.23906858361355,0.030582743309354465
0,1.382310822829619,1.034986320725724,1.3833772471745553,116.26495267924088,63.88883694542463,0.038070082819444705
0,1.0570192008412347,0.8702185155727316,1.4702094477181809,124.5018007460955,54.896884902433314,0.011401645934543712
0,1.3148552231510802,1.1244670581080425,1.5657113426921179,119.1303805768116,58.14141651707153,0.021068693784151372
0,1.3017176937505983,1.0260588236891794,1.228191851312542,131.39004520690628,68.92584201036065,0.04136048683555428
0,1.161872440328631,1.1184015459437824,1.4267551691397482,118.54036499363242,66.24832633521889,0.036353711428612774
0,1.4110021354456503,1.1009525026697768,1.3908949689602528,100.73111096228654,60.41810538705278,0.024438080411508745
0,1.108023856353997,1.184545329544066,1.5574794409062844,125.87376480236489,61.276067084279376,0.043506251209526565
0,1.301807977090274,1.0662237821518223,1.2187834355445621,118.17593043599072,60.30192964212208,0.016973478831655356
0,1.2923204332275104,1.0436216348914553,1.565707339997357,122.15370662810727,60.05722719545733,0.03248787309801083
0,1.3066318567156296,1.0337668812163563,1.2201087363134056,113.79158497914456,56.269508716737434,0.017496844610768534
0,1.3766832721821303,1.0813011727946589,1.1355950986358307,114.01852290003899,64.97850692949962,0.040592237388963205
0,1.4538755264327858,1.0531130565521167,1.248594560643702,106.33040938113551,61.72302452375179,0.033792800343651626
0,1.49309966674076,1.1379983720273668,1.3341325612162593,105.04635296911304,58.40446701494551,0.03217231194810524
0,1.2696875131915895,1.0037684713537876,1.380346177796388,110.96833806871511,56.85966958137313,0.0331145283430344
0,1.2397011129806192,1.0695283511182683,1.3827844827422549,105.8845679912674,57.59379438067294,0.04437776939916462
0,1.125688073089857,0.8806676440823575,1.1265785816108986,115.23287957261336,60.154586390163495,0.02882389144574879
0,1.4821284743392753,0.836173245351765,1.397512064931699,127.49150561442859,54.361096175541434,0.026201934882101048
0,1.187066212415707,0.9784523163137977,1.3108485593972352,126.41988226947603,69.1869333774376,0.026640607749598522
0,1.5857590321096706,1.05284611815877,1.5604429232041297,114.25361080277207,60.65528913023072,0.03365474472642834
0,1.7768280519051303,1.1181028459875832,1.2651282564058244,122.75198296220687,58.19083731457829,0.025102498170987905
0,1.4362902039838168,1.0524868470216924,1.3834291097414169,115.11188177492234,61.68291563302717,0.03424965897436149
0,1.0094549600941878,1.1033258134887627,1.232157669620364,103.46160691552471,59.707943780706586,0.03083981003314454
0,1.195974075314158,1.116482548613438,1.1889389800354913,111.74445000981953,57.075629325334994,0.029534127296606604
0,1.341829642697086,0.9693685640301165,1.4369139212947475,115.5040189466776,50.54026873344045,0.010414085596029687
0,1.2981521060606034,1.0323226145770916,1.337589586371044,114.77614034775826,61.12779919755091,0.039476496098483
0,1.1333342648623663,0.9562422725679365,1.2188011370535141,117.31133333734965,66.22473689323223,0.025686605617604892
0,0.9247450233760519,0.91368057099117,1.2500355932644787,110.53816890003829,57.95805686372637,0.03038581122980917
0,1.253238050376633,1.1339471688434726,1.268877923318236,108.10145632419565,62.394377692602305,0.014643579300738806
0,1.3584537557980003,1.0582042546981014,1.33230690120982,127.7062088571941,56.88896277352641,0.05060298170524079
0,1.2661852826157851,0.9478386844023818,1.3583903497193792,106.39003839744986,56.2412207609325,0.03397033300015491
0,1.3833373132975189,1.0002265839796594,1.4684886174055682,124.26006206416908,67.18150878281645,0.03529413407125722
0,1.5045143068128548,0.8995361257620754,1.3118512141645846,108.06395794941258,60.59612930563696,0.024285507808032625
0,1.2750763237075402,1.200573990416324,1.3296336244295548,118.31033853752172,58.83865335037883,0.030757132879568334
0,1.3009025020654108,1.0858659252778529,1.4898369042656614,128.17915198082665,61.54810040954583,0.03589546886035602
0,1.127370323622165,1.0429698606067503,1.4628347357860307,121.92774910733722,61.05804866397525,0.03886393959567952
0,1.3736150063490729,1.1460245006607457,1.3847230988348533,112.15441347543172,61.67920628466512,0.00069405624147224
0,1.3574328604577575,0.7581269739828174,1.14318439111135,118.61414880752787,62.38764668633398,0.018375712198600694
0,1.1931846937181592,1.1596432790891307,1.2919163842112789,132.9433624992239,59.99040073411827,0.03408036176881267
0,1.542531159774791,1.0604821692954736,1.229718722317104,114.12218038644568,59.821946319049545,0.016352583477984343
0,1.2616251892988766,0.9906246324802052,1.4609229308624923,115.27689499348205,58.58602125426215,0.028938180693774237
0,1.3334683027609249,1.0993451359751825,1.2300345325596744,106.66729893902982,65.52339607701265,0.025876631277952693
0,1.087473686110469,1.0855050167506484,1.4056043767239226,102.75427794194636,61.14740857731803,0.03735583092428373
0,1.3561579677559394,1.1005585187009117,1.1814877082291102,117.64832123996956,58.486901202647765,0.02517209841275355
0,1.430583341412959,1.1683419608539385,1.565324406552043,125.51846297204725,59.45132909184908,0.03352720163026343
0,1.4150234307676366,1.059694235943957,1.3656917025493853,121.59002505500946,59.70358676987034,0.022707130636263385
0,1.2378290401246212,1.1007128302186995,1.3503591949439948,117.7216798149467,63.350396211010946,0.026251585371023903
0,1.4134372245444708,1.0803074082766715,1.2018224295706226,126.53843832948995,57.49627628121542,0.01344904656814816
0,1.1432434435620547,0.9683163871457343,1.356260798238904,112.8091959556301,58.315840161797034,0.03619701965482479
0,1.3509813041789056,1.075283829651543,1.3991794148794432,119.92907734401791,49.460233291112786,0.026355617477355386
0,0.972968490326579,1.0528847941438237,1.3494440433330785,123.36425819831744,65.9381719636056,0.032027750482523674
0,1.224945838390465,1.088812889003659,1.2866498835210824,114.98885878845321,64.93068158480384,0.024422286540105764
0,1.4208517958863751,1.1041921094953842,1.2354249819443015,122.7911530257392,63.492831726857524,0.031019258873726575
0,1.1856514812958523,0.9812635185139544,1.2854804907716373,119.34075570633568,55.22187416299301,0.0343751224861987
0,1.1137366706682412,1.0336745132448921,1.3631577305488811,134.56104116047135,53.113421722398165,0.04472014566490133
0,1.322476362098092,1.082893753441277,1.3642017496065846,118.55781454556187,59.23157447818991,0.044540501814574585
0,1.2315293283662916,1.1405787657743398,1.2726759455744374,114.5179852287897,54.640187238548904,0.0345502372034752
0,1.51676889353898,1.0438115056143318,1.326373716155531,106.08306429545658,58.85353673223846,0.014072057402784721
0,1.163068301992176,1.0681428836887308,1.5082815837289676,137.47368688983602,57.067074574645495,0.0443530015664544
0,1.3365628720602472,1.03790018826029,1.4019113342071383,115.49533186943967,60.55197862806109,0.025916668371733308
0,1.0902835510301725,0.9265099837982336,1.4283893859937473,112.7863992793143,57.01955550171917,0.030085056267231534
0,1.419239837937344,1.064429115442112,1.271273407603084,124.8103436451916,67.89592751490817,0.03494556655322853
0,1.4460495267016136,1.1493567997451049,1.4856119179685416,119.912793416901,62.99173523537441,0.035196605733465024
0,1.1353993488179435,1.106057852548767,1.1873023234648137,108.64320435899955,66.51782533904044,0.038402201626941974
0,1.5231097434528795,1.0282660493050166,1.211730139046788,113.07650242343726,60.510156486202874,0.030789887163400097
0,1.4700520718135053,1.0210983659997244,1.392244136616351,107.09098280452315,62.25158639021907,0.030031085501856368
0,1.1875279992573224,1.0311336510260118,1.3278989104181735,112.83875896530323,68.85670621133842,0.029015539976921204
0,1.2634155834733993,0.8822039233911887,1.2426951177624628,112.89541260434918,56.570736619116786,0.04381707593377797
0,1.2752593336905673,1.1530755399454602,1.3574045560860442,115.29782269137262,59.556017761437495,0.03003796251621459
0,1.557819250457479,0.8644311418599026,1.1098145106673587,110.65463335155108,60.072639409687845,0.036901044247640125
0,1.3709630797041212,1.0192603269695544,1.4722852431890117,123.24156322522185,60.920289156357825,0.03962657572486841
0,1.3408967895148194,1.0050813578573694,1.4337380206800006,115.88490498062941,60.00669923377244,0.04472953572189574
0,0.9323691807189871,0.9365852663872345,1.2075515488350756,112.09391481944955,58.72695915116985,0.014926743522269524
0,1.1522262951533762,0.9811326657181144,1.6448908910491071,129.41393558197717,57.941252911576754,0.02636416709693201
0,1.127619400421756,0.8973495669419786,1.3359743776309772,107.0171841340478,59.575747341689954,0.013997941509565223
0,1.1857038312534613,1.0618901676242265,1.3939451517340726,118.33977566993612,53.39755507921481,0.03854685730135562
0,1.1799682455097225,1.1006286331685846,1.348723358805817,103.98890000737642,58.41901147709406,0.03365363742063768
0,1.39194480707119,1.0387209682044465,1.5338134668721264,123.06008616789248,58.716729418001236,0.037501218121369445
0,1.590069022778228,1.2068387680626422,1.2026400143013003,107.5877351107428,67.42459393366926,0.019417189491623625
0,1.1016188300062482,1.0111044695440763,1.4004272051369504,114.18082634711124,56.74718189797204,0.02325787538275491
0,1.1931494403380938,0.9796392297072847,1.6237959452731274,117.38008856948444,64.43379527202369,0.02510922531881076
0,1.2721064984220927,0.9929156814903717,1.0317949998096958,103.97592578521707,50.946906600098025,0.0075021622204839225
0,1.1206961538552846,1.1559964543505306,1.3446676598754776,125.32451009856939,62.054912884504375,0.03782558825715159
0,1.1648654507043137,1.0919160763354137,1.4374457080889216,110.38682166213046,62.79770185308083,0.035661877585748326
0,1.2175671068304876,0.9601785254183204,1.2079046001722074,115.69204433537169,61.63504934394658,0.022074741695420855
0,1.3039878011989148,1.0956429628910789,1.4241828857598362,127.41504096097991,66.38490416099022,0.019987085672434558
0,1.5525379314307033,1.007521879635543,1.4753847374945315,115.54389300840872,57.93925310771516,0.011923031402250671
0,1.2742653234675478,0.9252493411755514,1.4660759083011328,127.13434125711399,56.01544505351655,0.03301970742519271
0,1.1911912716988038,0.9997212215890569,1.4429393644638446,114.6916939052527,68.69824020965505,0.02517767521297079
0,1.4499004498711734,1.0577930730366225,1.4454933611693082,111.42273874136043,59.75220581224209,0.028845011207010652
0,1.174591432773132,1.1029665227665402,1.4280298806694038,119.74843755924454,67.68482826958822,0.04449344801236303
0,1.2437582965226297,1.0798441854747343,1.2751679172890147,115.18684252891644,57.00125275440568,0.04620070309136051
0,1.3545547225514445,1.0325576697516463,1.4932342286227653,97.63507672163671,49.92948702567355,0.03795838655219774
0,1.3090702672176053,1.0700357040208608,1.1908324676017743,114.81413031319707,70.0175470520067,0.03824199619795863
0,1.3254559817714218,1.014875687191605,1.3026512577756728,97.96641688639986,61.2882021046058,0.038454831084818536
0,1.0636571009244078,0.9970866486154548,1.2111042441319895,107.2771904415299,60.2674081341095,0.009155978450115256
0,1.3921405657535597,1.1103084055946946,1.3198676894355705,95.15433192012367,55.01790686998805,0.042329019341026966
0,0.8833008578907142,1.0221981270245184,1.208399906583929,121.4365624126787,56.624430239282695,0.03403954020735611
0,1.384819062875364,1.1968980671784015,1.3256469667589557,118.0083549569809,52.57472260436282,0.04190413563293744
0,1.1859236727892954,1.0051396668729804,1.347330264618095,102.4969252372812,61.14385014464469,0.039674662729250104
0,1.3439400735245939,0.9228881948657021,1.335142884680441,120.93623122383593,50.61005617017046,0.019252339861822856
0,1.431481540612228,1.071607634735783,1.3994365898552106,129.87595846098648,62.34276389253101,0.036578880104331794
0,1.706611829082749,1.0328956353527607,1.2542540683657806,118.42237118597706,62.19495514694447,0.024732846080537916
0,1.145140447066773,1.2347875537672062,1.389221216446563,109.1417169487834,64.579651511398,0.028908548484386655
0,1.2620677830523253,1.0949818297531595,1.1949741278121973,117.82101763133738,69.56477403865875,0.0346617766219731
0,1.2435681844324804,1.0094315775657408,1.300759203198587,112.96829857561775,58.11096733620864,0.039163114410745666
0,1.0400186345186526,1.1189600040329708,1.3044376169828928,118.01558228556297,54.36506044899568,0.04328631066849436
0,1.486845244025781,1.126767242060006,1.1682294269047753,121.63296856852843,62.02427543817854,0.013947287528674322
0,1.2963553924343778,1.0791627591226611,1.4167290328587783,116.41809093559084,61.4561570842369,0.044736113922530955
0,1.483905086486602,0.8206356036973805,1.3119073734194782,113.68279177964838,51.23950713636515,0.03094183058232312
0,1.487313665861576,0.9630745712327529,1.3903681126427847,107.67341218162849,56.640439881601615,0.04477393634170035
0,1.2186163269832262,1.08697699912085,1.1254538260726816,129.89854049115905,63.013262231532494,0.028175001573497383
0,1.3863319764999842,0.9372144456841752,1.491903689010319,112.40812179602855,58.97965242475782,0.025083443850345152
0,1.2129022895881623,1.1055736489302728,1.3807088220125068,120.21398513122432,59.95602655257214,0.035131998110771806
0,1.2371726884112444,1.228378547312764,1.1618483500283403,125.08749858850388,66.83953725360486,0.021478411940344062
0,1.634391041583396,1.1296392226356256,1.4665366808187494,115.22417749620702,58.91386920890662,0.027905911729603917
0,1.3585795894479276,1.1620949020027118,1.3717577061433703,107.70845101490168,64.1221353119249,0.03921150746394792
0,1.398198929267168,1.1096399125219987,1.317488624381063,107.56808666295537,55.6590328467961,0.01364536751542142
0,1.3355422917318924,1.0433240973418725,1.297201475456435,91.35504940523944,53.76341265152916,0.04120840651403167
0,1.2003060999905304,1.0788473342125473,1.1831177484029693,126.50964385887384,59.27986169972662,0.03290040396483535
0,1.6488669687822528,1.1713152080471523,1.313212125445553,110.25423852103712,58.37227494240234,0.035098982484765354
0,1.2842163798623694,1.0183804683997224,1.526061750085085,114.08632086577731,71.4979454651866,0.03090742563752173
0,1.5677977591337091,1.0785855538168503,1.4655552687899338,109.2031115878582,55.73120388706294,0.034597059550149876
0,1.4482829863697972,1.053220520160037,1.1956327997899565,104.11793306968538,52.864317989068795,0.012323778870606188
0,1.3164228039170631,1.140003513736642,1.348390105569023,96.91668194129718,59.046197698327255,0.028372010033673928
0,1.614399812533816,0.9334289669664355,1.3031186876880967,128.6468214443565,62.24989170673274,0.03563313073516425
0,1.3171876655535817,1.0763954830925813,1.4433131436334243,108.52410944885787,64.390292894541,0.016269969831144607
0,1.3492551959247308,1.0642992770629063,1.276044829416947,114.81851779739483,56.887299236672234,0.019282986731382554
0,1.2469577887579535,0.9616809091702672,1.3887356956911898,105.79931604678109,63.55988511495526,0.018185209320711798
0,1.215055762662849,1.0000317273427857,1.5090176074649808,117.64231956493273,58.94133098727803,0.03498719441069723
0,0.9839211479005469,1.0465493128287275,1.5897017013365715,116.05877205122138,60.33956584584668,0.03548128379642196
0,1.4343407864971518,0.8902026645688113,1.148120822185077,116.68233032868918,56.425617190512455,0.04312025262219914
0,1.2527238415172164,0.8952375411429506,1.1978383299787205,93.0025918429554,58.82937231358544,0.028116158727356164
0,1.2363305935327153,1.1363103231223792,1.4938223803820034,113.6368926131511,49.32653166261572,0.036172815804922584
0,1.3833040342762863,1.0747513256125556,1.467777569916974,105.68137522831168,70.0437769309257,0.02040572246858132
0,1.4123834390801282,0.9150121844469319,1.238368237527594,127.13094917380269,58.69550088499575,0.03839922605132798
0,1.335543308307887,1.0416033475199862,1.5136620389919229,113.1067294027848,51.096309462182646,0.021967599080482948
0,1.382678759305254,1.0816407285090006,1.1619530099717474,109.20525984473439,57.09139325398877,0.02634530405885775
0,1.0936129617097674,0.9997303113504418,1.2625667417688569,121.17226607809536,64.04560655495122,0.02854189541911184
0,1.2411940306193903,1.0611939449631291,1.252010987105331,105.82534334266047,55.29889395537141,0.023651868360285433
0,1.1254789300311594,1.06296476472503,1.437565880854045,102.30321359361406,60.12564355608016,0.027800642047336642
0,1.3512263028305205,1.048964898551713,1.1755680864082043,104.90088560914268,60.14711787792486,0.040287809197455095
0,0.9678718943435496,1.0776581263841265,1.4927546406345173,113.7757929903503,62.751012480132204,0.022969309191021976
0,1.2820950701084686,0.920326918535348,1.0686788029897352,122.54212640980221,55.07502536137779,0.025444721549965695
0,1.092033662009471,0.93720242375329,1.3291394759886461,109.16338244691482,61.88985498997349,0.03452538418979592
0,1.348127446948691,1.0690880632742756,1.5393321845918264,106.4592498476409,59.72532566898541,0.04132689820519589
0,1.4896809714007055,0.9362589080524342,1.3125173470012956,125.86496876693809,62.54039552599533,0.031952630314797725
0,1.2673472959848016,1.0192959259433805,1.384586287570839,112.98100700012414,59.78710689477778,0.030785987061150374
0,1.1982892707259751,1.092570349910515,1.6997093578098506,100.7841068853914,61.6200626209499,0.022398099113810944
0,1.3866103866278876,1.0537245978662289,1.4414225728850958,124.40405261207023,60.962105588840906,0.04132052288414178
0,0.9483553159316984,1.1772361838332819,1.3950074582270808,123.62274684596146,53.90062127579239,0.02169230118394664
0,1.3218907441217163,1.048636968853003,1.3839682305611989,123.67612128743973,51.17389842348575,0.03973819071717309
0,1.301242286493689,1.0336974511100363,1.1734661718738133,119.02438934701492,47.92946074484482,0.03648394011238713
0,1.0761841246790513,1.054276633009398,1.3356997395206496,124.35630517835106,59.106724154930546,0.02305861438854334
0,1.2240095956043195,1.151830621500373,1.4143556363017074,111.91496014781471,58.81776790017743,0.01432822909414553
0,1.3582711301277313,0.9092147433843628,1.4402155759002548,116.02897273993013,71.93475899786961,0.01899864446275694
0,1.284600686343905,1.193863016073845,1.4929667568349698,109.4303035873608,61.11983714186724,0.03001999356415087
0,1.3422933801091237,0.9941055651212136,1.339281551675912,102.21558099778629,60.67561725934041,0.03450020673421832
0,1.2658870881034174,0.920795928753217,1.4686238235421756,117.91620030394242,56.369924511495114,0.027193995531619358
0,1.0748995895827242,0.9679671897777677,1.2854626384371433,124.8273664982412,56.802483045562624,0.03640213659328759
0,1.219252569570763,1.06983580486815,1.3330325397427438,121.98445280074195,57.32594330890721,0.014274717499975588
0,1.0927076452954552,1.0074498004845795,1.2001128035186337,118.28169612543641,57.67115917570961,0.05374606550026431
0,1.0393428107294302,1.066290654296784,1.2146456371793197,111.05278927693857,60.70709736670272,0.00674628625125713
0,1.335523917518204,1.2022325969819334,1.295587404195769,117.07846285444407,65.12460846562699,0.028360464999730033
0,1.2128559717202776,0.8679410877022599,1.426918886327397,114.09465272216882,54.93658074305919,0.03126596710277693
0,1.212447946479073,1.007725909510758,1.4227549387330451,104.29294070940924,65.23657643036879,0.016023138368815963
0,1.2005947887467106,1.2038356955253262,1.4852825713970907,115.78083193996352,55.29734892249392,0.024707276933001066
0,1.3109912971878546,1.0530018585871679,1.3390954884448845,114.75333988732652,58.92812445147443,0.015580212643599869
0,1.222523388675875,1.1231699243189477,1.185799884293866,113.48355590768577,55.90123035614578,0.03111350429398111
0,1.2417050228399773,1.1681914931979736,1.4107899785028306,104.5055746737823,63.35614005806849,0.022253481437379367
0,1.21345054429337,1.0751055216085699,1.2909903096323838,122.14284653058364,56.127449692433025,0.02381053447408637
0,1.2015443659677838,1.004748900131597,1.4819029866657376,120.03037034888243,68.54971977006036,0.05267644203899255
0,1.1453924452101492,1.0556335301861832,1.208855962002788,108.77915257801386,56.84958744872165,0.019428451258617255
0,1.142216909065238,1.0384572497183797,1.2039937897936313,121.73701567310107,55.41123231291243,0.05809568970096392
0,1.2322923323553407,1.0557614113533642,1.194559057864076,128.6487340650211,65.59750340401459,0.032969158707361126
0,1.0979796176830652,1.0668533502179696,1.2154282744779294,126.69884210778689,64.04597365926587,0.03095439038487736
0,0.9345436505129017,0.9713267217072776,1.4325313357919849,124.70306953378525,65.54584905746066,0.014079869977585445
0,1.3452328460219356,1.1312412173186344,1.1509997321301306,114.93676387701412,61.36921199154228,0.02699235415153265
0,1.0221757216898197,1.0239441511941016,1.3107233483693972,113.81542076361796,57.18264287287465,0.025569878467585325
0,1.2940440576479533,1.085396368397577,1.3134687884572,111.72280857305599,60.461770191272294,0.010790840741048184
0,1.3715552690839687,1.0499549522301634,1.3547632231917075,122.68587446075571,50.23592234975876,0.01026166130141036
0,1.341070576798528,1.0494306515897187,1.3704212331830319,111.30298339862044,63.32176837119965,0.0393263884299112
0,1.372597344092729,1.0291337233276334,1.0970772734862717,121.15388966429703,66.10864333108796,0.0364455841198398
0,1.168053635894874,1.1039035514934206,1.4532635649553736,127.47052998239269,55.619450378860215,0.027735454154558616
0,1.4120908076715184,1.0545928057150527,1.215920687753847,118.31693028021363,62.89330816907584,0.030879628963310018
0,1.3329377390769916,1.0293035278651417,1.5273934722859273,107.79446253029859,57.06339618618111,0.030109855135275254
0,1.431843104155134,0.930210146392437,1.1927643900281475,98.69817193812226,60.16347612626635,0.018816941827934558
0,1.2423174834973125,1.1029102551913368,1.2730148735060585,116.85025618194692,58.50331046124139,0.036721143150964364
0,1.3712692101022013,0.9946453043060313,1.3297617895919458,123.34994718176395,61.96688435127049,0.016030379422488684
0,1.3983427091757075,0.963231150205101,1.5195015683953208,123.1927907187282,61.449427379592,0.03157232843436193
0,1.2686451615958871,1.1042819161120023,1.3055066196645526,116.88455896511915,64.35967183259726,0.024381934564744103
0,1.2075710890013958,0.9544507615420433,1.2222632704648595,100.37283750846798,63.64914394507765,0.048089145420827706
0,1.513799341520546,0.9199132409098787,1.4369825605867441,126.37685079938845,57.71595009630668,0.031014474306500492
0,0.9988160423792996,1.0713388934381314,1.222372832467834,116.59708014329212,52.1939853890556,0.03542858224477596
0,1.4536769013140036,0.9873456110627866,1.213569290230748,97.75181565960015,58.667932329624115,0.024184060657183946
0,1.0673470881477918,1.0862415005049737,1.2960035541762422,106.39411233083814,57.22713797179777,0.040713045389296154
0,1.3904405415632834,1.039597915080121,1.4242926022157825,105.71270434890609,60.16185050363515,0.031473223304864704
0,1.229524523725191,1.0848366668765934,1.256347985442666,119.07856566220894,62.75929385765646,0.000828401193029335
0,1.4785458555265176,0.8061893947717798,1.276074116933265,123.20278427406204,58.413566373737794,0.015338140175304578
0,1.1359394407424994,1.1321524597056496,1.1194194563341635,124.03192880769613,59.72448950478855,0.018076046695575665
0,1.2125327391545964,0.9686220527118687,1.4539470241030235,120.8594224781027,51.40419433061977,0.025964078814806658
0,1.1705221506483585,1.1534807974767496,1.1879881058248296,127.83383283748012,59.833526302415315,0.01838065593619912
0,1.1984088723986084,0.985870492738524,1.1970457917581394,115.758614877843,53.860422246540786,0.008196337912618111
0,1.243048529372774,0.9057715042865695,1.2597406958318977,107.72717689117316,55.64391963987093,0.050009631015901536
0,1.3084617350754357,1.0696296807196266,1.1368322044389247,109.76829493090463,61.07651314970756,0.019754710870869933
0,1.436209426527698,0.9537842731279176,1.315636063696179,110.31158688019553,60.82160329690958,0.02359509928144574
0,1.2593659559393595,1.0311095926577611,1.261873469113044,118.8807509479769,61.19194187418713,0.029113860547468326
0,1.2354312499807063,1.1137235224415998,1.3216998907422983,112.5464216973925,60.52345014944063,0.046965866829708505
0,1.0989465687968194,1.1115885514444284,1.1228194606514275,116.73818526582899,67.87541413804365,0.034886685244673074
0,1.325593761780969,1.005164042495754,1.3537256640586266,112.98349747677315,56.07011696034322,0.0271012438452513
0,1.329757174093966,0.9886226345175488,1.253246181517838,104.1180524992626,61.95362513044448,0.0354532326196706
0,1.3347490666354778,1.1272136394182932,1.3605441164496874,118.13608749892606,61.519187128187816,0.02908459980581792
0,1.220376725780553,1.227132209263353,1.295765882417579,109.6729783110365,62.170049117250535,0.03251854415295005
0,1.089281267858451,1.1398142603650991,1.3386966509579001,106.11255123827424,65.94392057176937,0.03625675571596154
0,1.1103187012078128,1.192174627220618,1.4290556842039432,114.91843107499963,67.9510940281089,0.031592977838296406
0,1.2957875387343953,0.9971759907182409,1.4198220527168495,118.81282373859185,60.073400699448555,0.02210013646132397
0,1.3194894781249111,1.044416097139029,1.189983081751896,103.22550118940651,62.82576689404885,0.003981116849483109
0,1.330811579044189,1.011753355379694,1.5069895928255894,111.05225432676899,63.29742107125948,0.026030861587622082
0,1.3170622230229216,1.1089469224736042,1.2944933140410504,122.97243907598724,55.031510614467585,0.03294592842558379
0,1.438395958418178,1.102802999343227,1.5799733852082494,108.89248546151471,53.10425374325706,0.020056648915048804
0,1.3990663849822655,1.0898338347415504,1.36227079915769,106.01634360714296,63.834336466645304,0.017752952223494593
0,1.473842437356535,1.2785950738511893,1.3939741375885861,119.66486508526195,57.535701155522204,0.011897866789131836
0,1.2095920955454667,0.9625683807121,1.1763594508301982,128.7788795359652,61.36431259012886,0.03379687580613983
0,1.2536466452205626,1.036170313404525,1.46574608186872,114.74130305043828,62.653469690123664,0.02803995702154984
0,1.248677066390193,0.9374468667518511,1.1126701125159446,112.90750479146878,60.282483459966166,0.01713869963291209
0,1.2948287702448051,1.0543002050392403,1.0912790392728746,107.679002724164,62.03631946867734,0.033870587293957435
0,1.126948762540036,1.0626758440399788,1.4726888670432567,121.21658367192718,59.52357106493033,0.025320236866757075
0,1.2055983273498243,1.0874255826327726,1.3734124767771467,120.0352320488176,60.65936906560576,0.03818763950347442
0,1.314188879943655,1.112775097290535,1.4544987324439969,108.56378695820149,50.95927976564627,0.045434928560145534
0,1.3384988096068393,0.9128411283603103,1.2643416603337547,121.17499433895863,58.601615844335534,0.024879385806808728
0,1.5101322790469451,0.9662170282892952,1.25422159706942,116.69109180038615,61.95227466026941,0.03496343034340731
0,1.436685706685342,1.0658862896545214,1.4087260726726092,112.92632592547933,60.31349151618357,0.031075341800536345
0,1.3322647203728555,1.111803184606621,1.4166174818333799,115.35373602320146,55.954370075294804,0.030676712580627093
0,1.2957973322656384,1.0654545263850559,1.6147830368568483,110.80981777167011,62.1114450956268,0.04068462067244298
0,1.3147002871149074,1.2370276095337733,1.304635284992223,117.59271377856038,56.00597127553509,0.02648475264856707
0,1.3373400865594987,1.1177043249846184,1.388291380082829,125.07291879467789,59.52517344703664,0.026678314701609945
0,1.705597766091908,1.0815390119553625,1.2636622144825744,109.44588990201545,55.286600427343295,0.03936569355856788
0,1.2453434060660138,1.060188998052519,1.3423789590674078,120.85193926352747,55.7662795355799,0.019244277138569844
0,1.3336445960772392,1.0980767427759919,1.389903877571717,108.52437016722138,63.38742421045697,0.022561390729043656
0,1.2217692032820426,0.9744837180222399,1.506139001838244,120.0673723282188,63.024966878394366,0.0424721142114245
0,1.7218973872358085,0.9132619116871876,1.2613948102947472,110.07059932660381,55.745901888086536,0.019224167523962873
0,1.2550520403916952,0.9526717027768477,1.3902050841044897,115.41358657142892,62.40514332381828,0.03507728451638253
0,1.3904510280140014,1.0201272850540894,1.60453720831604,116.87544893185678,50.687576236876026,0.019976242542337826
0,1.0389245516458276,1.0513867703321047,1.3353833731136,111.25259441680434,70.05463056200257,0.03548982874076911
0,1.4089147542169502,0.9755141209646317,1.2301026130402786,115.29444399277564,60.86503569826113,0.011436884328855427
0,1.2729539465725699,1.0511257666298803,1.3241821001074645,108.49287670122659,57.3023240903943,0.02823140806427204
0,1.3136200035415073,1.0983833266040455,1.4797027445941047,112.64521821178201,57.719219019423214,0.03437655673534306
0,1.3916267374616282,1.0152639653392892,1.4448472172359408,122.83668272924778,66.45843232829337,0.047783209067198226
0,1.1700375792010842,1.051111856746601,1.3513533235942392,114.21541145173994,56.75368540194932,0.015144379967689284
0,1.3139019169043507,0.9885315472361671,1.3603192176897152,108.64765166640917,54.501708270778295,0.03234298360376898
0,1.3226382290209744,1.0963425577056747,1.612303651970115,117.21831624968678,62.425408835320646,0.019224386711326744
0,1.106963883919544,1.1766263557418668,1.2391824264080036,106.64844742825086,59.80450539391723,0.029098075866226116
0,1.1646240240335062,1.025602142502952,1.4975250861180127,108.55205112934561,53.03163757816914,0.039425936208997925
0,1.3738445367907055,1.0003585103481072,1.16013995806477,109.0430131484915,59.72647781575365,0.04165672089883819
0,1.1445127037695515,1.043238409479082,1.4310173591873878,95.94986127902463,65.1689308396945,0.018175494277935626
0,1.3497993240185402,1.0697346519688595,1.4801503669756615,119.40739504714833,48.113547541350094,0.022152207528440084
0,1.3207307694029922,1.0344016091104171,1.4073132875708125,121.31493244535764,63.04225868214839,0.027857250574455348
0,1.023049448331928,1.0135615000916147,1.3999641777766747,106.27642197959618,63.15637365060788,0.03908393297267304
0,1.3190300464443765,0.8048976106950083,1.1966293964745838,130.08951326844866,57.26731103485811,0.01015856776871004
0,1.4852871082465409,1.051068447323494,1.482592858674927,117.21566940175492,62.292795681060845,0.033630092477145164
0,1.40462324678815,1.2321944358844878,1.4665207603151027,102.35728545723572,62.233307576394516,0.04141480768103217
0,1.4804051209804219,1.015871601355272,1.4897933334225755,122.42193919640964,72.86258718484865,0.022499982637514883
0,1.2238899135399364,1.0255104761232037,1.291173341995347,107.87983400189117,46.18662247163128,0.025653005262768657
0,1.3554037089549857,1.010542252359527,1.5822457420234932,115.1070065017269,66.45514527592067,0.032614204127299685
0,1.4239610964839888,1.072339324314685,1.5142541558284277,115.4475148010592,62.48060354044393,0.03366332933650044
0,1.2567571812809022,1.0823985855139742,1.618126349543722,112.83682446323647,62.097324464266244,0.042577789508694425
0,1.471037992141642,1.0509373134175493,1.0639933556451167,119.13362254918773,48.90262870688474,0.04469937230941231
0,1.3254210806789892,1.129973921589759,1.2417466634182739,102.57994021359957,61.303771920705834,0.029663965600438578
0,1.226268876076425,1.0567729024586212,1.6820923070438711,121.67620437895246,65.24749302931659,0.03843936891553355
0,1.521919321577829,1.0347942661679403,1.1034286430789648,113.49131093595192,64.0586785499825,0.02030199604884926
0,1.2735451074266004,0.994658420559815,1.5302435102211758,120.99565612325252,63.2577031032198,0.036216013131209715
0,1.294412612117181,1.0658045026022003,1.207777850336122,97.50846416999546,60.75040565172512,0.03323990256272144
0,1.4813896852638067,1.1757068652865894,1.5383998181998737,107.01581125364898,58.23867482525115,0.03480334295881379
0,1.6797857016613267,1.1684079362971134,1.4843276594398058,111.89769635560567,55.584001844224375,0.03788907883383239
0,1.1349008103648461,1.0309250919215758,1.3362266461197694,127.74329671298247,58.226513485201615,0.005607503614273843
0,1.3756666971493703,0.994078251751686,1.3551157229325297,114.30636239326302,58.631480020911155,0.03790340581784704
0,1.070070268247094,1.0086388620036513,1.432084549574086,110.08732179724505,51.95596645365014,0.03668555343256736
0,1.468464194566231,1.0464003833885596,1.1146985281836561,120.64775797359053,51.70056059290156,0.03308799276848166
0,1.166880426288676,0.9572128571386428,1.2969707979504372,113.53361954858192,56.77895874806776,0.03588703278215151
0,1.233089593231175,1.1284152697337457,1.3837407798772177,109.41954234722954,55.67030058083857,0.013525037009525613
0,1.3436099766800234,1.0216329962198913,1.0653365366323784,110.7142810178448,55.49482985372524,0.0457567759217066
0,1.0445832082160036,0.9346919360212758,1.483196357172684,125.8541052597117,56.27508530637179,0.02367914177191089
0,1.3924353094829969,0.8638320162443752,1.1266567578593334,112.7541327931943,67.74945283064562,0.025642699118332602
0,1.3151405187602732,1.140703141805121,1.6028261679933777,110.38521221481349,59.91581638133287,0.04822055221342843
0,1.0716701087212859,1.1322064856443057,1.2278021361166491,115.81977893682526,58.78690476299863,0.020419883992987706
0,1.1525347108512587,1.0721131491403004,1.4694647193795218,113.96211037449197,60.350565793666085,0.03571174066291047
0,1.154257184048056,1.1091754006730339,1.4483211716471698,135.82901039000328,58.11947904720209,0.025419181983318724
0,1.4153448807360618,1.115528333512971,1.2857895415947946,111.77469858455962,62.705654191090204,0.021724157592653386
0,1.2384199017977477,1.0571674213894748,1.469512642178671,110.16321107056368,50.78807768984664,0.010834025324817888
0,1.1110880399940801,0.9449465825440051,1.331446708965611,105.48895877121916,56.48622520089398,0.0222591411501795
0,1.233923820872801,1.1558003465218498,1.4294337107316621,115.12903532220803,57.69486859709581,0.025667673433769786
0,1.3491619704927924,1.0967335258681832,1.2410858992679281,115.29184604491385,49.84190215668487,0.03211713784170597
0,1.414322386293803,1.02759450984953,1.5679832395368127,107.9500924205116,61.087202076516306,0.029641752533340445
0,1.2849553498834887,1.0408542265596203,1.3628526036011366,121.7836699477096,66.88868118137373,0.029977497554958425
0,1.422297410825745,0.9938586442986574,1.4419146543271482,108.90406780938407,65.45329968044067,0.0521064087739324
0,1.2816874168042913,0.8745965207354074,1.2842312480106213,124.85500107431443,62.76538393512622,0.032489135986750295
0,1.451300253393226,1.0887562751398738,1.4961270224941365,122.35538941317589,67.6085022636848,0.03358796083906254
0,1.4357889102240933,1.0254298341531372,1.2778247026129195,128.6541411233518,61.08102338161344,0.038048805658623785
0,1.3185610021617085,1.003078747926403,1.3513179471098882,126.48795214214171,62.77620037139712,0.012885268402695407
0,1.267713331513577,1.192583503416377,1.3243443765780054,100.59617046612655,69.46524442711272,0.03682392509812792
0,1.28949807117808,1.0202865811134345,1.4798822315750084,110.66413279819047,65.74128212257995,0.03542195285724256
0,1.3367022888231026,1.0616411844268476,1.3290038355942988,123.36512096167412,55.67328583949083,0.013780748731697906
0,1.3921660184338713,1.100499066245372,1.407628938301412,118.2618269569443,58.39729810831226,0.03787482704385525
0,1.293166280986819,1.0110309151347858,1.312573042529352,131.16511759020665,51.32511958977284,0.034997881042957986
0,1.0481334358564425,1.041341332934162,1.2979647017814975,98.31977362656097,61.945187952168816,0.02619961937807804
0,0.9851190486158135,1.1171654472619401,1.5222007413586722,126.92099473837257,61.794782203257355,0.030460581385771155
0,1.4992234931343695,1.184590686827208,1.486028244345075,107.4676991821616,61.00672426607461,0.03439516144291428
0,1.0285574546624157,1.087548852769662,1.6227590191175267,120.11948932640632,67.36706540720878,0.03182914730128705
0,1.2890172514024267,1.080501711206478,1.2521008022418683,107.2897985021249,66.33152278584683,0.043723423428665184
0,1.1513340526618974,1.1274399043643093,1.3395648029272775,117.71846859592344,62.30109319717532,0.039943504681243185
0,1.3124077302794783,1.162812959624155,1.387129540771191,119.99347417975626,55.83368704231377,0.051586590107048344
0,1.370473738480745,1.107039794027608,1.1570177026546151,108.41838381536719,66.18941843959365,0.03286891118292604
0,1.012933039775661,1.1330631943187055,1.2847460634776733,126.2905358870137,59.5608216069815,0.032047066860205295
0,1.4768431867887473,0.978200562331627,1.2308583830599273,113.42801263681514,64.13586399810612,0.016691227473865092
0,1.0497948100166354,1.1158976741635034,1.2776426024919596,111.86219189663774,50.71594799029917,0.023210206856480176
0,1.2988649055053274,1.1244302286098313,1.2574523800518433,128.25900896185996,56.577219879100994,0.02316908198414825
0,1.5306036327846704,1.0669168121891135,1.283757032518611,113.75893495055526,66.7653678877103,0.044662028196256816
0,1.1774810231094617,1.0466052951936713,1.360818819320109,107.11007911586722,59.72157473675003,0.030053228604517004
0,1.4710314218405105,1.1465940022648962,1.3104948721969192,113.28837484911351,63.321461510278176,0.024148115510729883
0,1.3882960227606105,1.0429674810104628,1.2336721706713656,107.34530629696283,67.2352934801555,0.028435785208567012
0,1.5460531140847467,1.0089090991428071,1.3849446241357792,134.14141378414593,54.713066276683605,0.011021855001002234
0,1.492988519693085,0.9838552715685541,1.347515236307252,110.31265431638732,61.34081390477658,0.020494637928142576
0,1.273008986817504,1.0859852261245229,1.2290029336470887,109.39932776283288,58.26308583200734,0.015711845657737214
0,1.236615852580188,1.0595037231922322,1.3020541270093886,112.82898805654621,59.90049164546707,0.02344256537567686
0,1.4036593848800316,1.1648782499841421,1.2942743529365464,118.88158585182165,58.80191422282677,0.033654873450385044
0,1.5348669296804882,1.090692763441448,1.1371902553428384,118.63196505157568,66.16431871654504,0.027784038300018972
0,1.449345220917675,0.9947907567078443,1.1717353008573272,116.12935215066112,51.217616396268426,0.02760228987106408
0,1.4930263393968255,0.8972189675402975,1.1964603844903323,106.74374203870738,59.6834007014452,0.026342832143537907
0,1.509870457254413,1.1263478663273359,1.4094327535282318,116.16504251475108,61.96614888492414,0.02138017644686625
0,1.4285815530334918,0.9610364596512639,1.4502452392682679,124.48914001695064,61.054323010440434,0.02823786941038024
0,1.360046486246451,0.8210785303919462,1.3862709862182554,114.09316801728154,59.74685943471504,0.037065325128978276
0,1.288784661765291,0.9587834514679074,1.3330316795009547,115.54044387264659,60.57466955790506,0.03161919367285068
0,1.455905356737783,0.9631172357572683,1.371084054739782,125.31943758894593,51.32694251531402,0.03179646680780054
0,1.2121932247040434,1.0203431692421516,1.2414230996142694,113.64359427439645,69.20627807213452,0.017355696388227863
0,1.124558499628176,0.9458452343869197,1.5572901943953723,111.3012823558297,59.87180469826163,0.025972170588937603
0,1.1583365682395363,1.0311879482708453,1.6449892326883873,126.13656736779404,55.73531091103864,0.036475741030616855
0,1.1752715841000436,0.9078905888923023,1.4723413101197556,124.2807427731484,65.2302612552395,0.025301347507804273
0,1.274983639899702,1.10998124429265,1.3969795244817729,111.85090022962365,51.90464089940917,0.03113875194142012
0,1.461851445885417,0.9541929368772675,1.4266511258011174,117.65233356106954,63.750741316161665,0.038719754997190076
0,1.1958302137111971,0.9206432479868043,1.2859776569180545,122.11301854021606,57.28998048237015,0.02305956676142358
0,1.0267974487113043,1.1902118043640753,1.4490856369710372,121.15916785019812,64.83862693389737,0.035767083615434014
0,1.2633506717230707,1.0368988716702239,1.298692276248945,136.07792603532,62.77956015649721,0.025361995586485653
0,1.369824516124942,0.9691304865714947,1.5305408062307073,109.71144723354288,62.50542716311233,0.040659776297431345
0,1.357715281630749,1.057557599345571,1.351296250182722,114.54847122490314,57.11650755536249,0.025505165702302955
0,1.5219385560476404,1.0413170693851874,1.2557044476740673,110.86961922510793,65.50185340348611,0.036756066331644785
0,1.3840493767348385,1.0293983040872168,1.4188034964207534,109.85151100039482,58.70192984327113,0.039698044873917454
0,1.4311416518378597,0.9714472123239358,1.247336825650971,115.86961722250727,68.63066187334755,0.010844348355310056
0,1.3417499409355758,0.9399165334741482,1.2738802807769347,112.08457265548607,57.89745828281555,0.024662040603407914
0,1.3010810590564557,1.0071795546695537,1.1745051138175018,121.23895690018222,63.764360835744405,0.03843174310022669
0,1.0688898255603878,1.0739134522067322,1.4311174626968308,106.75038345248332,60.04586624091065,0.02883733354689634
0,1.5763225987852396,1.203959682961006,1.150277232800376,134.95141604582392,55.42387139423338,0.039806732943274255
0,1.4455746971295595,0.9703447818526555,1.409192135260692,114.13973004587149,62.77165002316195,0.03230672302380626
0,1.479450922805537,1.056031963451685,1.3298551116688428,123.76851386445745,62.901979824293015,0.037318133943208875
0,1.2003119991612106,0.9663789774881221,1.2818733428096758,110.03342891455529,63.930996343264574,0.03975984050294051
0,1.27673045657014,1.1644735215059483,1.5142163272518157,116.94719133120431,55.8905411422848,0.045753766494355405
0,1.2908473973457388,1.060093215714478,1.3092473969272118,107.88167738962242,52.65680284842354,0.03632868323557288
0,1.182489841915507,1.2947624983197459,1.2196711700865026,104.94094020014904,62.550693578067204,0.04529313478967295
0,1.3096884485414833,1.095779393614982,1.128774309904955,109.57990763446587,54.63192135431217,0.011049541500521187
0,1.3175470351035832,0.8705737902711653,1.1913364840695062,110.70244964789265,55.84357082024462,0.03396408502207068
0,1.345837028785372,1.1215038996748365,1.4402860479255215,124.12650231489104,59.990407999954726,0.0330346690081667
0,1.3767270552878788,1.0613325357912822,1.3023366828099512,112.34045972528183,55.91220800835017,0.03421616829909829
0,1.2858977238872267,0.9969460999490588,1.270530621681049,105.3168101777377,64.894206706186,0.030786176695317875
0,1.1705799970640096,1.1146838199681615,1.2827461428246754,103.74799498390215,65.10611144609567,0.024629030104338867
0,1.2386651364686816,1.0532944016279342,1.487110706734814,115.16029832693049,54.004414369273846,0.0354387700411218
0,1.2272515413607414,1.2010339177223575,1.3498656333602532,97.11971601681067,61.78682486077837,0.04944597792260229
0,1.5363880432818084,1.1964763431005252,1.2276287777542245,122.29721916781423,56.390027301316444,0.03224289399416924
0,1.1090571356890402,0.9984435388093827,1.2688503963163662,122.18844224114093,64.00359560834828,0.03276819729330821
0,1.0974367872916921,1.0250688452840224,1.2604660220468729,121.95740605355593,65.89092426408592,0.040563855860308834
0,1.186717087087447,0.8308373502168417,1.1379645722243936,126.37301582465767,57.99372530340088,0.022492753817348873
0,1.5463990440154352,1.1512127956390663,1.3529338466303744,112.65277527148821,59.33949393593437,0.03227162798387466
0,1.5400070921979412,1.0837973939389782,1.4371234839646971,124.35416087256137,54.151619994877905,0.03754861892474043
0,1.2558146868007583,0.8487123843381787,1.0946196549617027,106.85505910785051,62.65611614296291,0.031137995653402962
0,1.3276550060763497,1.2060754786149355,1.1977092462168226,114.7805331665302,61.52217761406908,0.022637268834616642
0,1.3042490117624412,0.9220040532732524,1.5191887460730034,109.54708357975653,70.15700082389252,0.02967525676082545
0,1.4542080348098776,1.0457357704807078,1.3463107401287364,110.32776533422394,60.59561964683139,0.033179986944140476
0,1.182361223662723,1.0399964467312093,1.2767881360731463,133.3973125569187,59.55134615044191,0.04545232151696559
0,1.2706566503788468,1.0707430113227927,1.1914363114025677,111.42341926505708,61.05267335394623,0.045860038309598665
0,1.3332974166514406,1.16069762889544,1.4268874932243505,128.0192107157175,59.70478891347472,0.05390222710651804
0,1.2271905695628815,0.9886830532641865,1.204793658037316,133.64819737246455,64.09723786308949,0.026658792666196914
1,1.3248240854372293,1.1887692185117782,1.4755965712788268,93.0695045053408,50.40783935011447,0.04074957232114349
1,0.7447371182464518,1.2260327204779695,1.1848484477455634,113.65668084487906,66.15863160597767,0.042935126163447836
1,1.024192463121712,1.1318664169723998,1.3483421558878432,101.89958277220865,48.21423041720722,0.07114378540482733
1,1.1681550782908465,0.9155271736995181,1.0606990660690159,120.51112277444489,54.411569698472874,0.034756081379255024
1,1.0693262616977033,1.1213236672801672,1.3156453368364214,94.7756294462709,46.95430516797725,0.05545911509726778
1,1.082029775510819,1.177185918263671,1.0601640383432522,110.21415808644188,58.549501716264835,0.05973637094298567
1,1.1250401131570866,1.110411639743403,1.1114693501397048,106.35201266804191,59.558235117282436,0.0476194298679975
1,0.9398352819172863,1.0707752911234614,1.2461105386458708,103.63837402537237,54.91181969837884,0.06045687521498061
1,1.2600169724728367,1.2623559472265033,1.349461634168407,98.59184842266836,46.57879332054237,0.04848457047080351
1,1.0187884356969055,1.0061673273039058,1.1625800667575108,102.72938359742865,47.968913561432764,0.04368421027689989
1,1.3121211530572996,1.139923804124924,1.541335179887211,108.53457367417684,50.25960535637649,0.05008265765309732
1,1.1461685561198374,1.1635253957171066,1.4899724723616732,99.39211581520188,57.154276349066414,0.05415501195228248
1,0.8172024063372889,1.1970698782094764,1.3847910629045077,99.28541236600313,51.94639679264817,0.015492914759845933
1,0.8734148372568196,1.2248029577617254,1.1593658542190335,97.02077322555765,53.376762186750575,0.039551751371379534
1,1.0152521016004037,1.1939326025674903,1.0689746633385349,98.85171308586351,52.924479952893215,0.06938819581496411
1,1.322868854268173,1.0534938279638377,1.3418590056995543,99.94271935876633,62.9572560814408,0.027324579491605435
1,1.3391261859425116,1.0543513893181278,1.481722039123298,112.32188655967236,45.90390082355067,0.039555230409149864
1,1.2406126169402736,1.2252644417615564,1.2108069730758197,107.4019245286712,56.55011819586439,0.052635968540216405
1,0.8671691253190925,1.038702597535982,1.2505655926097163,117.93934174847924,61.69589454497229,0.065590588415429
1,1.1517123369865456,1.1948813885982479,1.1333223894731088,105.62092135767607,47.05521567196314,0.02502514778584577
1,1.160038822094517,1.1385513306584745,1.3093948229861716,111.91500647803203,53.45586562794317,0.061132333313551085
1,1.0923170426790543,1.1612891395222402,1.1256012276507732,110.32735333075217,56.010506111716055,0.03660637143855594
1,1.1093297778187126,1.0576397490370641,1.151554129452905,96.87563580408062,59.594649550999335,0.07131370349440096
1,1.1967380937609207,1.3172195951943815,1.195398059446109,134.2858617359957,50.63482350782068,0.05510386703512033
1,1.0283999754907627,1.1572325560060306,1.3286299406252118,105.97475246252225,62.660319082705726,0.05478298569266922
1,1.1486873694998359,1.0291002305486283,1.27440487969155,105.7937550127157,48.350561623976276,0.03447051183703272
1,1.5809174083562034,1.0936522749820965,1.0305918952984352,100.71600686240684,51.69059296314272,0.06093334065232971
1,1.1998633739105564,1.1876614551776528,1.1361681601371472,110.06396399151392,46.74364321533653,0.03760714033971977
1,0.9348123845899534,1.001161114540173,1.3583472335515412,113.19750530881,57.85999221986878,0.05078626132048593
1,1.2398253857957264,0.9438710595357456,1.332201377345896,108.59407847004528,55.762657600895,0.057600465980972265
1,0.9223300721833605,0.9701960224608954,1.1274329583962148,112.08425553145621,56.14054849105237,0.022641154452362745
1,0.9234021138557215,1.0476764314059162,1.173550342165314,94.74154252232613,43.467689403159206,0.03356329407184892
1,1.115525690520501,1.001940566024651,1.2049455437036705,116.52697534527634,44.18932157551894,0.04587108483178921
1,1.2844562120751393,1.0781731609636191,1.1454229401884055,117.47146232875826,50.16278752617071,0.07208990050411136
1,1.1772137704028958,1.0857155347090164,1.282359768977679,109.88404562461434,58.12529692601484,0.03903308924269963
1,1.1074170920206916,1.1138484320395363,1.311539258413172,97.77338725000241,58.10186228942713,0.05932657544340833
1,0.8629534867460698,1.24082628254805,1.5104321005037051,116.01650572594467,60.561908603358816,0.051707427632051765
1,0.8009291144470683,0.9355879548832476,1.2531606657028085,101.67219073043017,46.51254233003589,0.048745066320626494
1,1.210805351815032,0.9747242453237854,1.1616459093635498,120.58883614808283,45.548269718671754,0.06739522374329913
1,1.0127484629211811,1.1745793759849954,1.3626525759363728,113.6715359028652,57.454957613283256,0.02696812933184088
1,1.300458747213434,1.0347306885365182,1.2537404295243,109.32421568297504,54.91073535321748,0.05673913352120381
1,0.9481142038655499,0.9850132587704284,1.3334053283950298,108.67251119767025,58.896261045746904,0.04910534131624264
1,0.8470704150781472,1.2166129681004108,1.171851820744056,110.07803111678919,48.115243429122884,0.08288603420467382
1,0.9422183316470246,1.0862570245893826,1.233968331350651,97.17035905621738,53.98311717152557,0.08223820954934981
1,1.0117168110751322,1.1595142819031727,0.8625733998149878,106.64963719563643,50.121746284442764,0.03363004795179231
1,1.2946610845331359,1.0873756318376173,1.1969279266778337,103.60526412689836,40.49910476940954,0.02736027119846078
1,1.272996827501639,0.9090049353120029,1.1203790045499582,103.40251949339212,62.461731203749395,0.06537207530992738
1,0.9997093051304422,1.2504513697115551,1.1237329433348544,116.08189823360605,43.8467365244619,0.07146515663578315
1,1.0268959438152228,1.017149575905873,1.1917713303000792,109.49609761748194,49.03150941684573,0.06107907011990648
1,0.995061100940468,1.182037239393136,1.2774888680647578,106.45169250762858,49.3517061258043,0.05303081591530533
1,1.199045673746066,1.326179915273161,1.3421246548337635,115.78390954834256,70.5310731691617,0.06031916953535689
1,1.1872358320361065,1.1904015074321654,1.0888344229135272,103.00488527223119,48.96298439984599,0.06295227954439124
1,1.0686485788001843,1.1338223425474303,1.3613691006193003,114.76835664833725,51.02967398175252,0.036600098062435554
1,1.304349451697574,1.1973891180909866,1.0111866136216003,104.18161454982547,52.993092772100574,0.06557659434242064
1,1.2638182690891588,1.1483906001175475,1.2960821790766512,107.57723122140338,47.95688987091663,0.04477471217917492
1,1.1034184135952196,1.116532074998141,0.9748755224223488,103.42264998563512,52.33723391853491,0.04437260016188598
1,1.0555717168079146,1.168799137080459,1.0797355656836776,92.3476200744391,49.91098125497995,0.0652822881100358
1,1.403759547107595,1.198212823909474,1.0291257112170498,104.90869484560906,53.539806286489174,0.05355182233847185
1,1.1970748195297174,1.028295105353924,1.2284426013815966,110.78290546798516,56.954025719821956,0.03388563666774416
1,1.0378717638962784,0.8496182319926661,1.1392099442148893,102.28026596326062,45.88249295099534,0.05331224300465304
1,1.0899298222318519,0.894078612242239,1.2480160360092283,98.64508282289876,54.91413375514309,0.024362975045426692
1,1.1054011769355694,1.0916836671113495,1.2594032450435428,108.12227549886212,50.46901494987127,0.019274553719115108
1,0.8341025665770144,1.0616113060907781,1.2189236150891536,101.52576847520794,55.75127158347679,0.04441558161576633
1,0.9262977095396883,1.0921903707012093,1.2493617787211517,109.92396246942126,63.27027479195878,0.036621813199931616
1,1.086773840913728,1.1626123946819427,1.216955015303894,102.49443668610212,42.70445694193454,0.03978330881893969
1,0.9067335657107959,0.9473393318876222,1.1165617505828238,97.5761745131019,55.50271927175769,0.062021836748285875
1,0.9373017278754426,1.093977136943688,0.9784284539253704,102.55094044835576,54.393891404214074,0.06649875779228206
1,0.9716515252955636,1.225185486052752,1.0229600502032485,95.77134980770586,56.25797119382726,0.08342242457126495
1,1.1888177578730652,1.115965761346599,0.9346261129521128,88.79797649560868,52.77645722137521,0.04283874660857651
1,0.9009496672126189,1.126553258083005,1.234967077776015,115.49974281686245,52.8196136980762,0.0745678873666877
1,1.1014389253187864,1.1084665005192664,1.3583605842121336,98.19403207962709,68.88668471959697,0.05750514956333472
1,1.1685492655107812,1.17250959739726,1.4640277417931136,114.13256670505346,42.369664125976456,0.07806940769535009
1,1.038638615699897,1.1307155072839326,1.0536969836172154,111.73581816311506,48.09175425959469,0.052003392759869475
1,1.0488621790350592,1.3125012801735854,1.4776938390189267,107.41861853193267,52.383866268213126,0.0425311406730097
1,1.2990811324705016,1.0871080129666624,1.1652261542960591,115.80733577298469,48.770205428100105,0.04924489931102939
1,0.8153640593280214,1.190419034512317,1.4723127020936428,113.49102835519813,60.77079500528383,0.033077957276453386
1,1.1425383707650762,1.025684007563061,1.1903904790744253,113.94990329617255,52.61092367861979,0.02174717954797557
1,0.8632947610032045,0.9818836068509227,1.2838888366921468,125.57505082091001,60.17474946400128,0.012080296017078718
1,1.3557936688525611,1.2136400417014648,1.0191110070812615,104.27118544960553,58.57313446897486,0.06100867021869571
1,0.8643628905701627,1.1810742155796194,0.9421249225095236,104.9946004181851,58.82774061640029,0.0503678843114264
1,1.0101912410068499,1.208934625377235,1.3467177359612557,118.79035723580256,57.246054570678325,0.07162749587874294
1,1.2319235403387563,1.1465528649116472,1.2316361699692957,104.86466252812338,44.72579024164165,0.03089376982360383
1,1.0492373932516623,1.144145215960243,1.4073056377405542,106.62382494912039,58.020857745265985,0.07158631312864241
1,1.0583395764160177,1.1794690211370185,1.188341354575768,118.8992230467063,55.81506002959559,0.026190324906232895
1,1.1290744373876924,1.2848112161823881,1.1964399655089288,111.02943527085561,55.275273026434874,0.029267542016707993
1,1.1919274308584327,0.9806164847965375,1.1386688661678184,116.68150670744772,54.140537741850146,0.043910443845069466
1,1.1803629838241338,1.1139907752244869,1.2216352053057382,112.91136674048124,47.63579355604521,0.05080672811109382
1,1.0437917249708026,0.9614396625399746,1.100340751687591,121.1138580235745,54.3083398875114,0.02352823397197222
1,0.8227362123472861,1.1087836099889417,1.4229542493129426,105.31917678676082,59.8419973204241,0.05703861541637315
1,1.184825082412261,0.9864279490695431,1.3418779798274685,103.98561166453753,57.17855472166545,0.03371660036027774
1,1.1318688825517844,1.1552002953937632,1.1999756688451373,110.64090673777541,50.401617548844946,0.037018804939174414
1,1.3889870089029137,1.2248952866361442,1.121087583143737,112.11599875035152,47.54392687179308,0.02630630712675352
1,1.2860856994518157,0.9495900374352595,1.3404912687649504,104.72549918684247,50.730720381516825,0.058195024392465794
1,1.2046157861589655,1.0373656823171093,1.3133043291375082,108.02033484222702,44.46367124279177,0.04660251032840522
1,1.3486302228006068,1.2876594798245697,1.313255299489128,96.28690860648467,54.94364141473533,0.06701721807718386
1,1.23062743699737,1.198495428868792,1.267224200302179,106.3482889505251,48.34979502457589,0.012041289629970073
1,1.1611355180084033,1.138605284365219,1.292484859567226,94.96210676036395,55.87010013589036,0.09109090189241555
1,1.114121023540024,1.113833468079346,1.2601703062911411,125.29103322239304,45.85811342980065,0.054064138667878105
1,0.9560616639864241,1.0652995279155006,1.2135532599753478,119.12590917452204,62.80594360413242,0.05896284289253413
1,1.0322129498557728,1.3692738866638519,1.1644179174271623,101.85977677076237,41.35034173252764,0.07792183138489488
1,1.274284206626833,1.3617805536116447,1.0393619642116436,120.12353726731199,52.42081311019676,0.06612200433600274
1,0.8034001146011953,1.2668081822665298,1.322247177673138,106.64980968692404,55.870676125966725,0.03469009397915502
1,0.9957007845952942,1.0736555386374604,0.9791453779802638,114.7558264478303,59.1495616850954,0.03597311700472317
1,1.1626765428700674,1.0934459525370765,1.2626756150705338,101.35180482910074,46.699449063474184,0.07104149772047486
1,1.0885032946775914,1.3222108950853477,1.2260202954232382,98.66529763684557,59.36164525861563,0.0626160032829204
1,1.2308371154653563,1.239060067886792,1.1351364818000467,105.85472021913242,50.971301011073244,0.024185069261687633
1,1.0525537729715162,1.2536379457876825,1.2508539534932002,94.88544804939511,42.66496353001039,0.08329552117496543
1,1.0837425781540766,1.0552589794298384,1.1843810705633895,93.70423021114401,60.53857089706972,0.04213894124827941
1,1.346132274992916,1.1251651714447317,1.4058391566938973,109.31025049138776,57.11939597721445,0.06438186092176673
1,1.2121923919253548,1.154793447718271,1.189729406904974,124.23891222415574,46.55837808942459,0.0500861528468632
1,1.1026794575373673,1.1602440753343521,1.1641685560337147,109.83271675030629,50.9869444887822,0.01836094965124202
1,1.1017194115262325,1.0099434666969849,0.9945298508816428,108.23185988620446,54.927300052117396,0.06053396084209153
1,1.202090727263545,0.9267410979059391,1.043067799372029,124.76169293132304,45.716747439537784,0.06221682062273379
1,0.9763512281001478,1.1279672739267566,1.1376769537044327,112.05387039157681,52.82064470390019,0.04103420452711533
1,0.9109690184574722,1.1467774197492513,1.0623465561244632,110.84732937908754,67.7589094542214,0.07700340102524024
1,1.2293026196409493,1.1114392702258853,0.9679621584895417,95.09942243689834,59.696757136616284,0.034204878397504405
1,0.9741346223304717,1.103434952431598,1.0819339863499478,95.95908138903528,51.69715556331147,0.03216941090655928
1,0.966616655639799,1.0418808973852995,1.2879068277984809,104.91086878554178,50.92856819263688,0.06193891794617767
1,1.0744328705180708,1.0921746231542828,1.2811585462241222,113.01378059201868,51.117559002948376,0.05161215551241043
1,0.959277758648001,1.0339316956835476,1.319989175255685,111.0044785629016,54.731790630499454,0.05561708697451045
1,1.1083165896466918,1.1896411890822771,1.3415641389329618,115.20105204671583,51.39533250432408,0.07773985459817677
1,1.1411229227118178,1.1832376192565799,1.2566714258085343,109.22306036735756,47.58548805849808,0.06402701676689652
1,1.612152991083375,1.0825204925209917,1.2292293130052432,102.98415262087464,49.071880590628396,0.08088898956237346
1,0.9788652168090565,1.072591952663364,1.0136259329149309,100.18149447911978,41.749600642279916,0.06263609398423858
1,1.603945499930716,1.083332120634948,1.003321468711269,115.0999969798676,47.63845024641906,0.07598693861107081
1,1.04923477139781,1.0568184310917221,1.1968655177530607,113.81999084842569,50.63547621546606,0.04006550594412589
1,1.064210311463803,0.9928144815499116,1.2716141082982173,90.91946065539581,49.33527127380691,0.06518770417661487
1,1.154548690927889,1.179032057298639,1.2115440625465548,117.52771562886966,57.54819518061875,0.058922820084953496
1,1.2669582399164379,1.1950423554403578,1.1628697432649042,94.90490979477799,54.52217275505574,0.060921784616628574
1,1.2962849584049418,1.0263678724954708,1.1021639622939687,111.13910239676993,51.57299806688148,0.012284767788577441
1,1.1675194694757545,0.9347577085011046,1.0971166482564612,119.16513235574097,62.949274106842694,0.02568687263056077
1,1.040709523265715,1.1242622523078707,1.451559500585604,102.56417946958038,49.13869586180033,0.08097451116925725
1,1.0325379525107137,1.1922201708966458,1.0279714145353844,105.45890530316906,42.042418970041574,0.028891324380885916
1,1.2510562439274076,1.1150094608913288,1.1785162537281133,100.26125338417174,50.6760635605523,0.05602226334201388
1,1.2769249171631172,0.8574853315903199,1.1118710473458346,108.43186617970105,51.406821304226284,0.0580675248505345
1,1.1481572515027798,1.0895132137006593,1.151509084521667,104.79048659238049,58.892454098936454,0.03535984134188572
1,1.0886947898340882,1.1383342213998422,1.4228456208836795,104.29722567587318,57.75283993606577,0.07463958806530045
1,1.0885242323016835,1.0989281020923238,1.177223022633732,104.69759179181676,57.125439163460996,0.054620199545110285
1,1.1423521476505767,1.0074776489620165,1.0942262899412194,126.29102142299283,50.933045648267864,0.0345045600884328
1,1.3575978498060737,1.1481808548683554,1.2951601391923877,105.75757632246619,50.087961456539176,0.046608272550054196
1,0.8511071293462473,1.1112072590580104,1.2584843000155401,123.65416910459379,52.515994390031295,0.0033164591557938994
1,1.0830826220987682,1.3939504133108307,1.3326276105480552,99.7019995057227,55.54663908658334,0.035159731502205194
1,0.8563146464815657,1.085163063676593,1.231898437101052,90.15060047809943,45.10504425676818,0.0502067112636471
1,1.0265288283219884,1.1594811271146093,1.062093117449887,113.4270237369797,44.89744541763883,0.0828546860387526
1,0.7911635088119031,1.0107445729616589,1.2742582043941377,121.97809926347874,53.89025821669703,0.06125715840364783
1,1.1031566423011505,1.0173601545884807,1.1562820147288806,96.09281252016851,44.32774019333877,0.05803497838639493
1,0.897827963224167,1.1519554006723363,1.0507630422112573,109.66744718105079,49.06790458622223,0.07813231067301289
1,1.1582694012042318,1.2435782892994143,1.1217659268647249,107.5052900621975,46.11347705130233,0.04172789514511164
1,1.0528212399059669,1.0474141779312862,1.0619846283500596,94.27834408712613,37.96151130575562,0.028873070729930846
1,1.212948901400932,0.9601501467986718,1.0421440299870703,123.11808714109624,48.18102370091047,0.05642092018329672
1,1.215617086370089,1.1862526129781281,1.0220991500209522,104.9204628809046,42.290636382889645,0.09892635717820647
1,0.8129224524771921,1.0152159781130181,1.0847218888706043,93.53005570949408,60.11556345853927,0.09844895802166992
1,1.014365158523729,0.987957685315559,0.9291996851656172,104.80302153330109,50.101807461031335,0.036974077472797115
1,1.1398475457157211,1.1595173142815487,1.262000823531927,104.15487615228362,45.39026902255443,0.06331666195613432
1,1.1022524766958757,1.2088357524834652,1.3227098214313902,94.20414137857595,43.39466675525438,0.03488918562518943
1,0.9098722265076798,1.1955251775976101,1.2656702578784294,116.8926559440678,54.37892090446551,0.05417299163746738
1,1.3159513604619508,1.166972733973505,1.2288531252469035,120.32407730537616,52.69108529891674,0.04391318790164157
1,0.9491918134200231,1.1903025459045413,1.380816570439521,106.54471338709914,59.847493742679035,0.010599699360568482
1,1.0900183925345754,1.1159905087895565,1.1254907315870448,128.45474934183687,51.602844203867434,0.041845384567911335
1,1.104673180418031,0.9197186261474172,1.121217169705161,115.84915972500863,48.22632787040335,0.03342249674399457
1,1.3357146145725922,1.254025440095183,1.2872087613809484,102.90394399365199,50.56317360930206,0.03391700076850082
1,0.920940838574844,1.0155583511691568,1.139652927117923,97.6875110838373,42.61776928874111,0.054388053395078115
1,1.1422272045608188,1.2900792758428317,1.1331160121138886,109.66490530660944,53.87627547564881,0.04492324877748934
1,1.2339800459749417,1.1975229186850715,1.2625634423756802,104.69924265456984,49.85481934867279,0.02264492202405882
1,0.9549347998488156,1.0577992476098312,1.0738836708841735,110.95931570018898,59.17976721392206,0.031838751353417
1,1.1510194584340347,1.0165888860470291,1.1803601177779088,100.78703378740002,55.61137389163865,0.036424236523156434
1,1.2820988744671964,1.0954279226337802,1.135551517752672,95.72025263889353,53.5192270617721,0.0679043680445236
1,1.1491978261766373,1.3438831666414426,1.4058723688211543,104.23225011754685,50.09183539715758,0.05939393438970707
1,0.9491565475233767,1.2366288306532487,1.2670080678396658,109.3081301977268,56.1217220066249,0.08445659766738117
1,1.130771963393751,1.1086959629128617,1.416133551031935,115.70795374392021,50.074120957697666,0.050103728973180404
1,1.1351685648689838,1.1561812944604983,1.0436420193779152,93.11763852978596,46.675659867985274,0.030705231139773158
1,0.9841116774849497,1.1834710642090005,1.198039209677784,108.7675514450917,44.65417953974643,0.0407671559415811
1,1.2057063791140714,1.1794952458176802,1.125805402335572,108.45496147741598,65.19308712089399,0.04964804141488724
1,0.97522634969436,1.1026237610637841,1.2319830239784884,105.63948457378505,51.81187179594099,0.021131064061263208
1,0.9267265144845289,1.1050664762928504,1.1985151638970832,101.90429652626,50.93791848354138,0.05122029710828411
1,1.2600944221744146,1.110078826477395,1.271883416688773,102.1255972870947,55.43257434159089,0.05751460595224714
1,1.2558470605723675,1.191346046244449,1.296535630974549,106.11424332207997,53.46963536226681,0.07127017856903053
1,0.9826265775074972,1.0571592221303137,1.2435860817335471,110.73751721238908,47.05536100441597,0.048504748731733834
1,1.0830802206388188,0.898471988439653,1.1914527813963611,105.5841395043638,51.03824234306189,0.07831828549154536
1,0.8811563062684026,1.037537742879539,0.8804145462184865,102.67175000443274,49.62613867524399,0.03980045647331488
1,1.299381921107077,1.2060617522336965,1.2301213741547494,103.66448251814124,58.15713800864118,0.04960484280328297
1,0.9527113929946777,0.9483751322515449,1.1626291157935613,113.79179255455348,65.65923213725854,0.05123220692378952
1,0.9622360072783454,1.0015034791715787,1.2917541365197278,91.11845552854159,55.30207060842933,0.06635423212525825
1,1.1785303015819155,1.0980338328061443,1.2934422849610858,108.5384453401547,47.33125694883645,0.08700824644750052
1,1.036697711670107,1.1975752300449911,0.905580143249557,118.48823794502836,60.81258246792749,0.050596675742532765
1,1.2005787862527966,1.1758515181607563,1.1364381359467057,111.92410074895406,47.14821718076467,0.03782486152709348
1,1.3028497657782139,1.2174657690700204,1.128171184724947,100.39781290849064,48.126420385253965,0.06465279132930982
1,0.9200027394541286,1.1556712639035953,1.3170900853824583,106.2057909473621,58.06038218118957,0.043913796610204156
1,1.0615059918210954,1.0222753768868145,1.3522330551906268,100.10131597719017,54.09863090629035,0.04857367865748131
1,0.9104990486399008,1.0590896856176681,1.3997733910752954,108.81491788371032,45.94509795179895,0.05610656574697384
1,1.073699474312982,1.4654046402244183,1.2570660993744953,103.57437637640272,60.52016750672263,0.01317927665414309
1,1.1169776281485977,1.3194428494681074,1.204894093033232,91.40029059816729,49.62449221353641,0.07909036081918074
1,1.167692527337739,1.0361143890487483,1.130918435066727,101.96269755965167,54.167187304323974,0.07676392265877306
1,1.2894361423038507,1.165601218210913,1.0468861811925272,95.04860737405903,55.19951212728258,0.023090578041342114
1,1.0593979362076513,1.1504150446186179,1.0721127806028505,97.78163899077023,51.435273612593086,0.06007300575048108
1,1.2910733786744764,1.1807053434770554,1.2295753573489852,100.28424721798656,45.574558024932884,0.03978245823341705
1,1.1737884052965022,1.1536623706627345,0.947012741855734,99.92890674559247,59.227045309636935,0.05158430095608279
1,0.8449383956414627,1.3555821181598153,1.2162375747990806,110.45900563382067,54.397148536270805,0.04264809067679628
1,0.9690367372721491,1.332167498506594,1.3504167630503074,114.3974348099781,55.45773515030926,0.02993365219276631
1,1.3299554345132494,1.0356867341988252,1.256827283759584,92.24549085081888,39.754846896114884,0.0563658240530623
1,0.9543621319049167,0.9210832428702728,1.2902792353831198,126.0807269394571,60.33736155148037,0.04485364229468655
1,1.1015921552054504,1.2087706256783914,1.3658766425785378,103.9081785305687,52.205066294347446,0.05601229613529073
1,1.1996977376501898,1.1066923557988735,1.2043889181410632,119.4184909677895,59.25712421465732,0.059548211468721766
1,1.4094396326041272,1.0813554237773584,1.4309865483218194,111.88263899181996,71.62615673328753,0.026150361464350447
1,0.9759178546008787,1.1618797828200549,1.271640426887269,124.55125085757517,47.9897519002028,0.06809837037387768
1,1.3092433408427593,1.190464783222065,1.0950704755498384,119.66982924728778,59.375949587892485,0.061991690395807555
1,1.1367825836976118,1.1426108010044373,1.2097643470088808,112.76706620827377,52.18680911766987,0.03302950049294717
1,0.9112535039310335,1.0447963746347708,1.2488771915314287,106.75739747208313,53.292062759732495,0.06001626267092222
1,0.9870822333349619,1.266566016834535,1.1851975924838283,103.09915713696643,54.894317423994714,0.013269795952498546
1,0.9577037990498747,1.2181072798691834,0.9941351492219256,117.0581677723984,61.066819398154806,0.04261089324352504
1,1.152526298136736,1.2319087084851028,1.1593174055543425,114.80997968473564,47.97310722921597,0.04044795413333642
1,0.9561194364215049,1.1542647199194804,1.3705359768335215,105.34298361094552,44.37250504052558,0.02834586355426369
1,1.1710278958466973,1.304411641339427,1.2711842499108716,103.51793104413872,56.5971038011017,0.04521002728826508
1,1.031908660874443,1.0241540894304737,1.4030983497520262,84.14712874253902,56.78715520167562,0.04072510124404927
1,1.0261386683387097,1.2892315156117813,1.1271629580139932,100.87937761374431,51.217634566482815,0.05827694771624477
1,1.0204659591872836,0.9626141069464116,1.1074592364853704,118.53200470818068,52.44866073481307,0.05902174567407645
1,1.0529441827088533,1.054050230382673,1.4380840284838035,105.30627328654028,49.33978072283724,0.0719228473271068
1,0.9699751354038708,1.0605272656226004,1.2213320689221967,107.00243093679362,53.55766808741929,0.09183338178790976
1,1.1605246843434267,0.8821946037249201,1.2624188626461028,107.34091995040639,52.260700146108746,0.054918946187923416
1,1.0948379082185362,1.1147387906944612,1.2996957472702022,102.12127282524949,46.313881986164944,0.11047562905244783
1,0.9711456601193781,1.1300142912460078,1.0255641673862022,108.0482157354628,46.40064669586399,0.041150541142999784
1,1.2881116398388024,1.1672009568378074,1.2938932381947263,91.05915645447324,63.02137101897408,0.0261623737811625
1,1.3751409465728957,1.2221543865981488,1.2950532564320083,99.30513697182457,52.90953906891714,0.04058157178710281
1,1.1052271228709527,1.0950127740914442,0.9549806341455869,117.09605735886129,51.51335706070383,0.04030399200995526
1,0.9991410980906419,1.1558459576366769,1.1038116760217185,86.70341997373362,54.442778819249654,0.06038205995913644
1,1.0640662715580262,1.0052097124809993,1.231561620315607,93.8192086851777,45.83661641987405,0.03498604126991678
1,1.2519090327604803,1.0837389049563084,1.16177736646906,124.59223263870122,54.114774983132286,0.056779890209496524
1,1.0334538658624206,1.0603628332363224,0.9357671627977704,115.71866478731202,54.68985823453828,0.04641668013573173
1,1.075299193669474,1.1936144262261057,1.017887690499619,101.69106801601575,45.18218282264482,0.08543018564973492
1,1.2576179957335942,0.8997307358864637,1.0232109885368033,105.80888893978262,49.165358727565454,0.023512355838462236
1,1.4500572027770882,1.151253991398258,1.2817261219722018,100.77186545691008,56.33364488306802,0.04239134478035977
1,1.0489982287326503,1.181100195982526,1.008230316542161,121.37325073865884,53.09433528834325,0.0756188841756085
1,0.9064244438086128,1.0276834875971808,1.0689529711920245,109.25267905398356,52.39589981150948,0.040711763615376394
1,0.9174675452806498,0.9933403730269159,1.2136970929388147,102.8097189837026,47.88635804585043,0.08094178972263219
1,1.0851813779253079,1.2470042933926926,1.1506772162512493,109.20298655418792,51.66714390246199,0.01604755380963755
1,1.3571008951275043,1.1064846392967584,1.3170343685522847,100.23174149784596,51.010933710521414,0.032662952801532905
1,1.322479726897411,1.1511409347450676,1.2677169584685155,119.2236573239448,58.93804778139414,0.06530685072272571
1,0.8440890775332568,1.0504320880483318,1.089494542318524,113.5478032426322,53.02391165050031,0.022189751327388107
1,1.0660260416579792,0.9705887664281223,1.2130896565509313,92.10164746411533,55.17296496030768,0.057559252520681475
1,1.4434307288024388,1.2047873289497344,1.1650211467430747,114.36263083947037,43.614016714328926,0.030750547926378293
1,1.1599656557735198,0.9041750337252074,1.2151690979585952,97.81763037093421,52.60784233091958,0.028445272839054733
1,1.1763646647419341,1.1219327423667391,1.4020475691945729,107.0606108069146,47.3881431702312,0.045062282883454347
1,0.8580374485369884,1.1606137254705442,1.2966805320209853,129.22276433023535,48.26898405637357,0.04464410852649635
1,0.9963634656011213,1.1412113701131226,1.2696197694823497,106.51962640014341,58.51795550123819,0.03766040992490445
1,1.2775113286203283,1.1738497853641083,1.218436110413137,104.16557023318569,66.56000655238822,0.03365982698515842
1,1.1536279718543148,1.0449780929757868,1.4521306973207697,114.98143695919283,47.929900726953136,0.06025189986862457
1,1.14638522982978,1.0683375238025263,1.3185613482396625,110.50374851993969,53.29419228331572,0.049161605775153425
1,1.1775898086679373,1.142938766149246,1.2276821332932522,101.23085675611193,62.162597444574956,0.028991601133029062
1,1.1769745193983543,1.087975925769857,1.448741145028409,98.86865716498544,47.58842042943801,0.030603638734763496
1,1.1582237091711098,0.9826949340431359,1.1577912956814904,87.62870759431144,53.44252812476854,0.03999570282487475
1,0.8321497860922665,1.228560940297406,1.0500033032099578,114.17249321025393,47.793755056073174,0.08203142755790852
1,1.2349190970067063,1.0191952129125972,1.1007792682126603,112.4497268470188,50.425731215739,0.04661314985957269
1,1.3290029951189777,1.0451311126630045,1.231868190382809,115.59165014287075,56.8547049303136,0.046807746649586555
1,1.0479969414465216,0.9461184537479069,1.0826881509535244,109.86523303917261,51.17270686634658,0.05149854157132453
1,1.287065649734131,1.0012676890937726,1.1892965607097554,108.69839867070095,47.7750403745529,0.07862954227854835
1,1.2635456242903667,1.1490133327088756,1.4532501313127162,93.50994248350872,51.95364231336591,0.05732673937868123
1,0.9353800915770941,1.150071454181773,1.0761442758075759,113.21501586446828,58.347008608773436,0.05544666802256657
1,0.7664963932883099,1.0233206478833967,1.293412300417711,107.19078779161129,35.83598429384507,0.07485660767736481
1,1.1245981711256898,1.0380925335999955,1.3493442276836662,100.9021398838379,47.869287294374715,0.057167053020280724
1,1.4205869226636132,1.2823587177972888,1.2667624948575338,111.16147092965288,56.74899359250895,0.024860326492613022
1,1.215946700687357,1.0465926531856473,1.2614021486835554,104.95279135153396,55.007249962685286,0.0523620693001292
1,0.5468545512521662,1.1378891711705181,1.3034798837989041,111.01335513504608,51.38448432274852,0.08284323383860812
1,1.1560471632418992,1.1637673300193108,1.355783946226574,110.26333699726939,46.61189347951478,0.0012332517244075525
1,1.0141182376367455,1.1960945525881117,1.1740974769156851,114.21060535053556,52.89236905552164,0.07576132140524369
1,1.046860992718281,1.166761482656769,1.2857650583895968,120.51441685368074,41.76017616199433,0.04083183450893685
1,1.252732898969931,1.274589647977865,1.2512092966434705,104.36566252020661,56.54271021204667,0.06737405350463366
1,1.0352608978398847,1.1530307312177548,1.373468544113556,124.01413093947006,56.45562975541175,0.05088277793331186
1,1.0902664683131766,1.1757396557193625,1.2049625304776714,108.7067644912015,45.65274241281475,0.07594114392982318
1,0.894766749113238,1.0767888239546988,1.2326871239107358,124.91888191899776,49.46390209088604,0.036679683720792076
1,1.0008529548799172,1.2858897167611314,0.8543948908442172,97.97535789066272,68.38773225495731,0.06181764146983274
1,0.9009227091189405,1.115808201782523,1.228769093588822,114.61512721315046,63.03701201693538,0.05777103362558431
1,1.0028381054576672,1.1987084442098206,1.129227149407828,97.69996253609874,41.44054676826133,0.018697432109991988
1,0.9386398718976312,1.002221023229913,1.2607207485587133,96.20538356758368,33.13800218785154,0.029121764508210687
1,1.0150652634101447,1.0594550512128036,1.417538208310194,101.47811696639765,57.28554077919519,0.04962034800638277
1,1.0923851493789323,1.0364619711151963,1.2123582552945003,100.11413485792325,53.02014588552742,0.045275007347526236
1,0.929966972025512,1.2191894339700595,1.2754892624027854,102.96743539271976,52.87295828221186,0.04832354956996073
1,0.9438336312926108,1.1270496229021165,1.1392684718750412,98.49559547941911,42.263396018400854,0.04282785292922739
1,1.2020547187250703,1.0505340646621142,1.547692129980536,114.97117088287459,59.82598079596287,0.06590486024147518
1,1.4335156954889432,1.041299801652746,0.8871041398643791,102.98486952482405,55.349311453285225,0.05303033943495957
1,1.1495850699742012,1.2520910002669874,1.269667484680125,114.1902163483192,46.36262354888345,0.028092126215679268
1,1.3905405061444078,1.130090153514707,1.1389802061520025,101.40744955807594,48.10526127017045,0.03582081957908317
1,0.8690333955313414,0.9699579597779493,1.1946494309049256,101.6636671671164,58.64295571265977,0.05586153306533834
1,1.1477571824140371,1.045687959244555,1.2042663059486032,110.24900993268297,56.29717443827605,0.04812216346963269
1,1.2942422802783577,1.1207989308907944,1.3230701254072983,102.59133012269764,41.12446980058815,0.05536717976037046
1,1.2305583313663928,1.177534733180757,1.274884265986867,103.86271730640512,47.15952249132645,0.061034565380875615
1,1.1767605349156895,1.0639100909156174,1.3642251445949674,99.0542103690716,48.49885972725376,0.08272850424683331
1,1.2563447487921044,1.0841990694108978,1.2573594922536615,108.39313020071455,35.52631681013573,0.031870521010532366
1,1.0908476089203294,1.0843388523440696,1.2521233334279547,117.16534081653128,50.07078529207644,0.028846904077542704
1,1.1584732985319883,1.0873376666432197,1.1997117448931527,104.3740365276223,65.45102680006592,0.005185914780041101
1,1.0300998974361237,1.1196310974351609,1.1184514760032387,115.09843248915455,56.87954607231784,0.049044907630229194
1,1.0512787240381352,1.1088043165768353,1.2063777350257845,106.29464274686813,50.872005390899204,0.05504898629184786
1,1.2355781716690157,0.9969739852401425,1.0834136930996907,91.26333773464829,57.1983844021456,0.055006465863809265
1,1.190948152867899,0.9770501761636532,1.4520432559744179,101.52034182669178,53.00923484266754,0.06708769321356745
1,0.9223436439567072,1.0653675641487335,1.2432923306981136,132.71725767918235,53.80674845711214,0.08212722301261437
1,1.3170211661345521,1.156801003649452,1.0914045496880118,116.53778249736412,43.01133795011172,0.08201750247354184
1,1.136000955479286,0.8549776452701825,1.175734207645861,112.88553038830646,50.5778567617614,0.06430011621987147
1,0.9469956498117869,0.9894017627212394,1.2107120976038113,107.28409100560923,49.90969389362607,0.07454582293284386
1,0.9469626724749697,1.151316560733235,1.2288360962512712,92.98955643077525,44.08581889798893,0.05023822032497263
1,1.4566159997636536,1.1779269811898812,0.9956674727311977,79.00560741392596,56.39832155802628,0.04807573034143602
1,1.3054278745118666,1.0319282079288559,1.2655276247216083,114.61556116725076,49.315218170761106,0.04147828859537869
1,1.1045473095977103,1.174267634656033,1.2181365794134515,115.76596703983537,49.22838886439782,0.02343209589073781
1,1.4558555662603725,1.0595366263457555,1.1461025291166929,106.40777011035034,52.403086657923886,0.042266327150234345
1,1.0968618985491785,1.1160237768571828,1.242726512512705,85.78261286911416,63.285257842047095,0.04705423372930885
1,1.2045120715004574,0.9821898658465977,1.1587699660375974,100.94915720311627,60.81834258705127,0.038283727863282345
1,1.2364543976492166,1.0549579547326806,1.1611595378449873,104.79004851319382,59.703070760975805,0.012202946819397632
1,0.8631805600506022,0.9252694834310184,1.0786247244310114,99.69559953927103,42.313112475457665,0.03531704506770662
1,0.7373513934319854,1.018201127623232,1.376054651988326,110.63229263252992,53.12480603303516,0.029944428874417714
1,0.8235047073719497,1.006084392446572,1.214382722503518,114.81359101754002,57.41420450281192,0.06261224724966666
1,0.9672397644677702,1.122454983240399,1.178225471095158,105.18929212854725,64.22276738175887,0.014759995259927751
1,1.0577581731339931,1.2411748907196158,1.02943410564564,101.20627317260374,48.825769014594165,0.045534205558920314
1,0.8127277112708811,1.179528606033804,1.3066173467267088,111.57537792516153,46.77775795425351,0.051730215815745904
1,0.9381007568775643,1.0867403339228487,1.4999508305322142,107.8612583983663,44.87484054407696,0.05360670681327828
1,0.8566767333086044,1.000098960748499,1.0846539923266572,103.00121493023885,57.62181397353521,0.061567963960336786
1,1.1941391590845192,1.0101075434409459,1.1496291337933657,109.4480099619487,48.23008008766952,0.044432671193978035
1,1.179444564655391,1.08512273187987,1.2493877465832632,121.33455610417612,50.96884720607802,0.07358675619438412
1,1.2006866121153246,0.9732758006513235,1.076722186195742,99.49763705237093,46.8709904984033,0.04819420507786372
1,1.2106359286547281,1.2455158416704724,1.2600627615342606,102.9888839955211,39.50655253822075,0.05141179150834676
1,1.1046386348650985,1.138292875353896,1.4938112387014333,118.16536891573764,56.710365509499916,0.030758457398568008
1,1.0076609451445862,1.11051553930715,1.119197073878654,111.50418072486606,54.141453095294224,0.02823384413890615
1,1.3154270076373025,1.130231033380886,0.9952207509235074,106.53791427489527,53.68723873553743,0.06945584722871481
1,1.039254247437209,1.202793826744721,1.244328458280128,95.16450851866179,43.50899935910492,0.07245119740298697
1,1.3152771521087185,1.1522909230404723,1.4144418737534037,116.50948864137446,56.10177237687833,0.03177377022532657
1,1.4116571751858218,1.1736301432208274,1.1698409593004893,100.98556995225232,53.54070268908314,0.016578818303230908
1,1.2259411895635153,1.0246429185305974,1.2681790541471571,102.30541696377657,50.41348772365178,0.03486180254469871
1,1.0709787023874557,1.3089379546017355,1.4000577515163233,110.19031059495912,51.84823440661029,0.0668840238138577
1,1.3033946709393602,1.037018161779247,1.2099329472078137,90.60237593388727,58.73861266156537,0.09130048515401712
1,1.1144148724321554,0.9074989875096985,1.299155767155014,98.86319750465827,48.01990335001324,0.06253152779582008
1,1.1458197425922905,1.0711891224661398,1.1355512677617836,108.1325244969875,49.54320668492579,0.027815257327939855
1,1.0401386273338953,1.1539592623255186,1.1968465493134477,94.27842261576633,57.934387728253235,-0.00477622873886667
1,1.0196542720948818,1.0579801545446086,1.239263254123284,112.05495627022462,58.76058884956621,0.0357519025329568
1,1.2055848207200268,1.1395818387881462,0.9974998812261809,124.104862298907,43.3673492365588,0.0583899454461943
1,1.1701927899555946,1.1475636782329077,1.155705005318991,114.44527386026452,42.637795156341426,0.04868342422652155
1,0.9985025582205576,1.0522702057932969,1.275737212368961,116.69730688447714,49.940465428978804,0.06561362179851556
1,1.1089533197800279,1.0307267790761991,1.1864662278786617,104.30462698287546,47.82004052496732,0.058569658573116676
1,1.1422363137868567,0.9609350301730583,1.0053016206188834,110.8221600788518,47.10828142723279,0.05604082310200648
1,1.240567684059654,0.9929047162594442,1.036500156905096,122.06988514155765,54.109424697774756,0.041615186866534586
1,0.9318907185236727,1.0689559151092722,1.0652255963052697,114.9507095668153,47.339493078362075,0.07187069176432534
1,1.027886794441398,1.0156649816382686,1.1645807935582058,83.38249900248725,51.275388539955955,0.04659761617739683
1,1.2484536943786342,0.9313695072016621,1.3710426269122613,114.3853936549789,59.51226138219198,0.04894557247991725
1,1.282501430138496,0.9728755965093095,1.3126961834765893,100.0595351411005,42.09158900546238,0.027517189636712788
1,1.1009956049532688,1.0375700791782398,1.2688895591204539,90.72586200496384,39.23741473830483,0.07744774868287152
1,1.2626840232922583,1.0150703164086194,1.2196100463488297,116.17556354181191,54.51520364974363,0.05296446192366957
1,1.2971277346362675,1.046928752479878,1.2240531983264018,106.83936225536847,50.36342771397374,0.04220388977158496
1,1.1131162828091283,1.1234407495985528,1.0837044064705117,114.21616318910402,46.14168875340245,0.04563533110905652
1,1.046849514910391,1.1558103612659216,0.9445164877717467,115.01818833436512,47.93805791432702,0.07439926589554109
1,1.0139303135870923,1.115115641426599,1.468792185208895,104.50395612085698,59.43309930804075,0.0507809017112912
1,1.1747753894528281,1.1269958589411375,1.330220711419016,100.83021548432254,46.09570886188489,0.037228476192459566
1,1.1179478677383365,1.0979181214449671,1.312335733941253,118.74258529839368,46.14496997658995,0.03532102416772135
1,0.8414769047036864,1.3230372990759105,1.2596070348858375,111.3182208804642,43.958749689813715,0.04997660021986251
1,1.1916646371943553,1.0947242309465577,1.3598417312274313,127.80648013078547,46.31762303743629,0.029558255080466066
1,0.9420039082048564,1.2806199160016492,1.355506191213859,105.78024963985716,52.21935798640524,0.033669127476065576
1,1.2602048883937733,1.0820098175891448,1.18619004987085,112.47910794376331,50.87203037150067,0.045300680130043076
1,1.1019035369952337,1.1995355413793078,1.4340440998128983,112.26937609021473,56.819885341745604,0.04600291875797752
1,0.972596384629631,1.1853986232235116,1.2422613071980741,94.19634216125226,50.03158225944641,0.04834205953036893
1,1.008117583934874,1.2681735594542127,1.282379074797288,119.35857426099783,53.580551569912956,0.051627756728501555
1,0.9314123928301552,1.1211929533196567,1.221697010337807,94.6959750436919,48.76283518137763,0.04353434802967276
1,1.17442631793003,1.1661350111985707,1.1444285973445234,111.21982642287696,50.9075264239089,-0.007392400497099133
1,1.0127536342487224,1.2278988640142379,1.0013652516384015,108.01422080373986,61.511567285111724,0.03478774093979039
1,1.1003868344769836,0.989598374277208,1.4315400484162644,106.25000635703047,52.27976105676411,0.07708600931011245
1,1.2190661110361867,1.032437126750326,1.135853869868649,111.45438174070969,48.25527366962236,0.007655133757589465
1,1.0904166562449662,0.9719787338875192,1.4301166279632844,108.59108873986837,46.568949659538546,0.03602735170675093
1,0.7599084341826945,1.0100538113219497,1.352122016330291,127.08607530943152,56.35837907919375,0.04815914922757942
1,1.022247312382295,1.024350418642364,1.4877695669141662,105.30126168322063,64.69377898037503,0.07787039019220122
1,0.7866566423576709,1.0534047604240708,1.133024133857403,106.28138272304834,51.63811448131748,0.10992478190796286
1,0.9060989825945436,1.142896993566439,1.3001460065208144,106.98585195977724,52.66108346668815,0.02910382211386826
1,1.1191675150284828,1.1711398996174374,1.2625880759552466,112.13180813520883,60.47564740381739,0.06873933083828684
1,1.1128330304295388,1.0028241648116722,1.1419993142875544,105.02331963274327,53.514074988048684,0.0404333447700121
1,0.9315680241468168,1.0011801310879664,1.005346891322781,104.88544366602888,43.18200734757817,0.02998948631685216
1,1.0290976628880257,0.9864082690608567,1.2693677845048306,113.66200757245119,48.70343788134761,0.04125945384779997
1,1.196737358625034,1.0486004902765322,1.1182445914923516,117.76848630367661,57.30512643227672,0.06203100004687839
1,1.2666160318509367,0.9222721274632638,1.395998621083104,110.52855904925369,58.06468830403441,0.05774323558232725
1,1.1088064684424281,1.0924690787637947,1.2677287689952066,104.19426881985903,57.20725660039067,0.018270867108955993
1,1.00251634487703,1.3244823248476647,1.1386095397355889,104.85184649242869,46.704514399899544,0.056716913457716484
1,0.9674723197744051,1.101438906519295,1.3303526496845592,100.71112923066666,56.731666715591324,0.06644458631120713
1,1.289892097049473,1.134054099491804,1.6413636800069822,116.49080326887874,53.94926574644096,0.0324815117183653
1,1.0825293573426547,1.2626326976900035,1.442239500031415,120.30496190396207,56.71115384037772,0.02488679587408856
1,1.1876891272086207,0.9958597621947003,1.0266287448605014,109.15242816119515,55.1391966836185,0.06806754196961609
1,1.189484523269497,1.173158598574275,1.091995163950991,106.055209837838,42.95729928619308,0.009932617411996088
1,1.2333156877717535,1.0446875606209043,1.3334248052785969,116.97512820092035,48.284096052260814,0.06180622189110598
1,0.9809917888495446,0.9354121125373177,1.2360302225775195,102.76213508255816,49.35946593647721,0.08950686235691052
1,0.8253457431081193,1.1582871135371473,1.0906750591711822,115.17435268340591,53.790587417050396,0.05758688698361228
1,0.9299198688315933,1.0434412086711677,1.3405425659549652,122.93717949554807,54.88184690334512,0.03205158558457134
1,1.1610089340431724,1.3627472044337612,1.2333149653934585,120.15656773454239,47.55802380496773,0.04915827896727227
1,1.2115217371025977,1.1597328308262864,1.120369471585549,99.7143428858246,57.92970641861595,0.07383101625300291
1,1.3721858404619458,1.300393048325287,1.2375005267219374,104.19920680191566,60.10594563267081,0.06426138563703174
1,0.9231580534398336,1.016636433448109,1.2839509261763202,105.404528046644,51.84142027155581,0.07145066729420389
1,1.2366266860973065,1.2529873248418433,0.9689003061714623,109.2805812549908,56.168131134383245,0.01946828286624632
1,0.9821187845642051,1.0359514837671082,1.2228207622377891,121.65068571824658,64.13553642798941,0.03371424893853436
1,1.1947803050888435,1.1758797852142315,1.270391350296917,110.59081671265311,53.82245501470797,0.0837514024161284
1,1.2984439725862504,1.0139846102401733,1.3234437405144714,115.03136037060307,53.889803722910735,0.07262848741005459
1,1.1338533261738268,1.1400467721076253,1.2357612708080157,88.83580322780298,51.51760963656476,0.03663498851090859
1,0.8864393639253398,1.2634018284739523,1.2855469774094794,106.73152027149906,48.61117989338544,0.055923391692574806
1,1.2784584967971524,1.037303415645306,1.2193723116040407,114.81259848966056,40.38399322549522,0.04884860475189192
1,1.022727553301443,1.1066170142244967,1.1547882876716526,108.23862144686566,63.54176332253631,0.04352155052142898
1,1.1525079816369392,1.3194746418409113,1.1484979748115678,123.33207814036072,52.03193803976264,0.08563792451729853
1,1.2350362024903374,1.1507108362582423,1.2114680113547438,101.38362704108711,52.454749299786116,0.06794722918040048
1,1.0976399424205994,1.0883377194938144,1.1873982705568895,115.93228952224749,59.350968730599135,0.03665698972463259
1,0.979654185659452,1.1579358919667113,1.418579168418443,117.31391277481305,44.488886726920526,0.04471848060016276
1,0.9324913601558878,1.0932487478084743,1.428573299484596,94.19659416095284,42.28680824031886,0.033428916931327955
1,1.1517159084636788,1.1820754820640758,1.2768682965319993,117.58116862907914,41.421486434596424,0.07376673076717874
1,1.0438228423916676,1.1931494309804869,1.0479546945207834,107.04461027308163,53.41762462353408,0.07311502074996837
1,0.8146541679306023,1.1230752548534906,1.0789194121515213,111.54946439787447,56.66329921873675,0.07574340485016176
1,1.0036946982244928,1.2127226485688791,1.396917206372017,92.2107772713008,55.674069520590706,0.06917022507560212
1,1.0534292504502614,0.9989226422474893,1.3425842482942563,96.20442055198019,50.929891392934586,0.04919751884393342
1,1.22879684930672,1.057336844048747,1.1310041204523789,107.890239308868,58.0383428657185,0.09574900001306294
1,0.8286533840398207,1.1515342017786578,1.0787504465895421,116.16930118886069,46.3687327161446,0.036507035636353526
1,0.9939312453684808,1.1123801061280196,1.262015687591632,111.35331254247663,51.9653947229033,0.023402179551188375
1,1.2310015070558342,1.1147041336336974,1.3710255227019108,100.63035098468058,42.38635163589403,0.0493194799463385
1,1.3332714838911677,1.1360942136616052,1.1940429261075287,99.1668768410831,62.546598800084936,0.029407948102304415
1,0.9694290336269169,1.1770034196084025,0.9787173103147173,118.47131598843205,55.74515868530413,0.06798462143622219
1,1.2004610621509377,1.1038876482543631,1.081790667679795,105.73932102897535,46.14858212948419,0.059723106201527675
1,1.2452203694986583,1.2676808631198209,1.2683297932718722,115.32117820935667,50.217131576619146,0.04043445723983611
1,1.1852609403470242,1.0813527127283091,1.2549941525475954,97.44927029598121,46.710233905142196,0.0627081860203658
1,1.2596042135730974,1.0214343831033321,1.3071798603658347,102.20537894268253,52.09903105720186,0.07833888831581294
1,1.2453477021241308,1.1995871988022193,1.4681427465994057,100.66508593055183,46.08475015004473,0.03555755459542819
1,1.0541898103868095,0.8845449385708107,1.1930343292294145,102.09886341294579,56.702558604386795,0.0570483875802008
1,0.9918746070015194,1.1789960845362906,1.3140241977770901,100.0830878918773,49.04185446770549,0.005492736258040351
1,0.9036812046135289,1.0457530439576423,1.2296416029587829,98.49155588576167,48.919288077705346,0.025493386368348022
1,1.1308005017356288,1.1625714594584908,1.272307495294577,107.11125018714733,42.75356202099164,0.037600926722142984
1,1.0266847989826728,1.0796704687079375,1.2297475583386788,119.82987235133916,56.8725772761076,0.03024964440302611
1,1.2221125175533942,1.1840302367665738,1.1152112285162965,114.63979330371895,51.03774018432842,0.021800930199711105
1,1.1819364904346856,1.1416961823614526,1.1904019082058424,106.6629222351503,47.68548712666923,0.06220261007594219
1,1.0921788857883934,1.136644884394823,1.2664284501757535,96.60872947016307,46.63430186870769,0.00580111080767582
1,1.2016536065282732,0.9987789976253234,1.2372340622864348,110.33889402445598,55.61411703335512,0.02591966172327882
1,1.0882709087346758,1.287028042078775,1.442860908397961,115.88590784624256,54.024958832913036,0.029897872223092453
1,1.2293518925703897,1.104197877125316,1.2928686757854697,101.30440890633095,50.962401322960424,0.0532829472015285
1,1.1443300564688945,1.1693722714460248,1.144704652011763,94.91043993100817,61.74871023939877,0.09978508338046715
1,1.1805357280164281,0.987600790526989,1.119484634810426,111.58205812145872,60.04669367008772,0.02574218730916288
1,1.077620092247198,1.139593206444397,1.3323951986671636,103.90759015039659,42.617111852068454,0.06242395118905805
1,1.3024632737308228,1.111740853825484,1.272681211869836,102.72957893515637,46.92536323164463,0.07052851361094438
1,1.1697492526066031,1.1690368599401884,1.4152749692392996,97.50641899113285,48.68784239104347,0.053158666976693913
1,0.9984236172029766,1.1983136535272452,1.1956381012824822,98.0672047325253,52.39463005112597,0.05340677541613576
1,1.2682427713213396,1.1593140903147425,1.2799490308767787,109.88262515606502,50.87066487224842,0.035675617697774706
1,1.1519909032986877,1.086687523411636,1.439676940657332,119.07964065295897,55.79703479410965,0.057569338785859715
1,1.0841673708233883,0.9938876268652865,1.1918976109681445,107.91260030064731,53.376738846667976,0.05939072734031652
1,1.2658394356179834,1.0507845928307133,1.1312001710628286,120.05771011768843,56.62588953515889,0.042184581157333575
1,1.0807019895885974,1.1097286053325102,1.2241046358965797,111.25414783014752,67.20995647659899,0.05379513122325305
1,1.2192676670765452,0.9513523293809858,1.1569630009387515,118.05933502444944,54.4138923481397,-0.03778229169729673
1,1.2213241764169156,1.311816439462877,0.9605320138044269,120.67448908080961,35.368266216244436,0.06875997890106827
1,1.0984432473177967,0.8850028784755385,1.2779979175411722,117.35755774236853,54.18332202292944,0.06169655274119226
1,1.025898299778969,0.9338610244778979,1.3099423229038183,122.74778527501667,58.777485125364755,0.010242483407973083
1,0.827319006702032,1.0354032258202661,1.0129131913335814,107.39770927600435,54.36049483108314,0.02139493433515265
1,1.2398831226695952,1.1801103944020015,1.1487393137703186,105.44730212614414,40.30119294608181,0.04335475687425852
1,1.1013292953434588,1.136874759522819,1.2692539985626226,109.19817568907516,50.413937816405976,0.055723898851086334
1,1.2803657587958448,1.1104501926690358,1.261287335808118,105.32446043602293,48.119446501122574,0.060457593338352086
1,1.0000593300493632,1.1586146900992191,1.2236731982963058,104.26458791131871,50.031143007120036,0.039837580151686265
1,0.8037557890239776,1.1582895095161694,1.2501010872861817,114.64703227203644,48.811258586159234,0.08790767250953335
1,1.0316475293870662,1.0324890357805305,1.0908209604204535,91.39469837093304,61.195767354358765,0.07742134781537324
1,1.2081341293192565,1.0303911192224222,1.4554647986026856,103.8345275463051,50.38584501264008,0.07874518160872153
1,1.2186039052065571,1.3401103138754595,1.2523338938414725,103.42672280379148,48.329170699241224,0.013060076456187467
1,1.0498527608948833,1.234459333882738,1.297848442445289,107.18277205904366,46.030393337102026,0.054537460360254746
1,1.2823064669351671,1.1630719256469986,1.2416755720523367,99.82738112046914,57.20309088467208,-0.012638096374883612
1,1.1689122275957262,1.37703219809446,1.02391145964686,104.82767490768771,51.95253405925164,0.04074834371886846
1,1.2865473636606164,1.1672451014355303,1.2397990484311514,114.17545305052352,52.100504254430454,0.11359728977647028
1,1.1272424480582135,1.1395282098489705,0.9976391535554742,102.10894705426918,58.88426609079886,0.02329086299280255
1,0.7116397086256483,1.1232315471187575,1.3981967859717472,107.38143105826514,49.983252384241936,0.012830241245180403
1,1.1814057420863948,1.1861275108883045,0.9883747751168569,117.21079203827497,56.59417315535266,0.07264631885094691
1,1.2050345165300016,1.185368270881132,1.2876937168312261,114.81625089351076,41.08745338525649,0.01997881132756971
1,0.9675185779658412,1.1070179828327449,1.2704578000300633,109.92213487905966,58.70263486873619,0.07296990597160702
1,0.9429706805071174,1.1438576110050471,1.109781898796161,105.3057766548179,53.93074821429097,-0.01817424152943381
1,1.5340239271351432,1.1766408677397475,1.1425585741962572,124.34632779707205,49.91541297708283,0.05265038771656116
1,1.012319154128427,1.285199183744334,1.2063519881802356,108.34535690665558,59.222692918152674,0.06170278914922153
1,1.0902173482758672,1.2310390972357463,1.5500028198256337,109.85669403919479,52.700560527235396,0.05341254167238163
1,1.3358773101496733,1.060080226496708,1.183818717237484,93.16301345786023,44.89679282416016,0.03964399994604059
1,1.089931341069124,1.296908332577012,1.2896790646402791,98.79129340829185,47.63211708781531,0.0774949736646131
1,1.3027898627532548,1.1228149910224203,1.1624715594799517,117.12439552134178,46.04003723965188,0.05784060796115047
1,1.5090786183607996,1.140535568225146,1.1191707676959914,110.69331832404384,49.17994768590791,0.022117683124931713
1,1.2261864848369792,1.2317834400549723,1.1795821326305655,103.60487893313353,46.23060765326902,0.04700128799064867
1,0.9987736910738257,1.0188967313296746,1.4659819479519487,111.19843535074557,55.43437064817611,0.06766799137864854
1,1.238786519016765,1.0786890047203286,1.2554318409862908,104.57872564165406,54.63078174865996,0.056833817719163286
1,1.0311211530444437,0.9870701277078202,1.2390108174055159,105.16157460973432,40.65776651374745,0.06015323537777435
1,1.2737615802036997,1.3728356475208952,1.169144324568314,102.15159293105839,45.343473817364554,0.05417283812974014
1,1.136417272500504,1.0388703665213253,1.1972591153395007,89.19200899799579,57.55826048699948,0.034586414806556665
1,1.0937618567456637,0.9773306578702222,1.1442940320699955,104.48367961834225,51.93225491823502,0.05959465031045024
1,1.3590335150275197,1.1932710942769358,1.3450813906090118,120.01493698948825,55.41824728913618,0.049265856087620095
1,1.2816401431259101,1.2273009285961658,1.3043135589355845,93.90835162667507,46.951239081432114,0.044502917919390324
1,1.240331783732462,1.117865358092944,1.3677929223485732,118.83712965869853,59.195022812063236,0.07411081128960574
1,0.9133410971614309,1.1682635499455776,1.1410212246757958,92.15840301776721,50.275173207664984,0.07649473931254502
1,1.1829335618213235,1.3217809371605893,1.2430399188848544,129.03022478233618,53.065127353102305,0.05044960592307473
1,0.8697097841741308,1.231056274029277,1.1547237332377378,101.17657124532145,59.68738338257543,0.07316445337591915
1,1.3037692460979222,1.083780886594502,1.2133731375103172,106.46131042073733,56.695109084034385,0.0810712933698846
1,1.1662663799357134,1.317489108535736,1.336635274344298,104.88680545297024,56.972268436773845,0.08411880557417548
1,1.4596920170014402,1.2386891344599082,1.22333767897554,105.04976071349671,55.456417021368345,0.08347948990542092
1,1.1780784419986015,1.1654531871868812,1.226681721061222,104.04898043631908,51.027192960136496,0.052708519704910604
1,1.409257999323168,1.09602862214692,1.2268395698684795,99.21160105634142,56.29978639883893,0.07733358357436565
1,1.392409612272216,1.1403364524695712,1.2946660568263006,105.61804710046965,55.168112078167134,0.05627930304998429
1,1.1104875897052677,1.133775369227713,1.2787498968411743,104.35262808638993,50.5450192475318,0.08414724027343107
1,1.587898418392349,0.9995633051465957,1.0562687434311124,98.38562454972666,51.38026950976867,0.06791561022074515
1,1.206425529568689,1.137203113678047,1.2887616211045267,100.77122459034467,50.535263369484284,0.049598109032484065
1,0.8148410590030666,1.0038689795277405,1.0741964120339043,113.87697401315397,53.472129691434496,0.062221224001478864
1,0.7688621018355566,0.9716433313948398,1.3062180072333445,81.99197322500555,59.34777614559883,0.013533657129544206
1,1.2518020805464962,1.0311415375243038,1.3563574829723057,135.87344822524847,38.36093421927325,0.06390754295721297
1,0.774530711553127,1.1626768922217505,1.1931196187382538,108.16804090215659,46.529882342030575,0.06561082218993002
1,0.8392955891653315,1.2441637262898742,1.1667974601406763,94.3757839033722,61.56962094004419,0.04865314694381694
1,1.443374474679565,1.2421356129313343,1.1162410583777633,106.23509179156926,52.726227637981445,0.0805260639997288
1,1.178753188406081,1.137629262109646,1.19401565367722,106.54498667730824,59.82755251406995,0.05007410701594949
1,1.0289004911663286,1.0635492834386313,1.1480105300012988,94.38113603561511,47.497748150041126,0.07996840551300646
1,1.0628121330978506,1.1904411668556099,0.8977616526728915,112.11480178069291,51.03188377378532,0.04037119954218983
1,1.1325727923358038,1.0704174746187973,0.9438962604145137,115.30023147054743,53.45810536808916,0.043721150905042964
1,0.9260866330269614,0.9730142483892866,1.2491060519188475,121.52096864202824,53.21899886044623,0.02234476787814348
2,0.9950233454076804,1.1935988445303927,1.2296065439111346,106.06733177411726,21.11341972712061,0.09635726613285371
2,0.7493041180991832,1.0293925510261561,1.0717289884439656,104.10971109030011,31.874123117705405,0.10113729251172654
2,1.1026677695063198,1.2056371435559396,0.9698564554659428,90.20621995810708,53.20745705264182,0.03466331940512286
2,1.1628940921638358,1.1801761009043477,1.0856248250535716,82.91912294586675,43.82626695897131,0.09840756548034128
2,0.6827179824296037,1.2598363040702214,1.1133518380518534,93.56244386167693,51.83738469193044,0.013932296930643323
2,1.0193361497487419,1.394332218968795,1.3159914708650993,103.89806720538523,42.58655379095323,0.06092592330357108
2,0.8894148412188716,1.2652568697501487,0.9789134291810877,107.57423818050381,62.06528414402659,0.07814350294617815
2,0.6811210393433389,1.0386306304420305,1.2164848327567364,99.40253821039556,52.014647168512425,0.06399097252521951
2,1.1161247095079663,1.1810040991860329,0.9901243917014078,95.99001521197616,35.42356515661411,0.13968078675744833
2,0.9307236372883025,1.2773416906418635,1.0194696300693802,89.48072178020178,43.128955912656515,0.11303577600137596
2,0.8458536417203433,1.09553616327247,1.1233196366553717,104.99022600717744,58.14278535082546,0.09061251435117484
2,1.0787985357062468,1.2863130284304385,0.9270476927101056,90.36667929530455,36.328829683154794,0.04003562732925064
2,1.1090919749740806,1.2348060109996506,1.1119244094637175,74.07283484597731,61.44381486894895,0.05317183987539333
2,1.3603625511877915,1.026091022321842,0.9781398262165195,77.97150617490371,47.89699980754158,0.04696229537566303
2,0.7353999691803291,1.0352982939390722,1.2166032594106795,107.11463651567547,59.49627112863028,0.0594288013678108
2,0.9937638742093601,1.0452797763117658,1.0497441465897024,94.81154686718823,48.71559965996337,0.11051065419254573
2,1.1482133381663,1.0988625273338866,1.24977018569345,99.55914862892203,42.40322483282388,0.05874465539543245
2,0.8380128411276895,1.4090776615435479,1.1461116149741035,101.74611847501205,42.90202513170443,0.15337935834314087
2,1.2110020977692848,1.1134725462241448,1.0589577417943064,97.8575545662909,46.166975826260796,0.05896322022105695
2,1.0377633046723393,1.3742505758447177,0.9029557836493756,88.71853262907933,41.13473155762154,0.06689613319676511
2,1.349693174949186,1.3202051064017806,1.2416483528177398,97.356343064866,42.70949274570549,0.03644883758703804
2,1.1063480456095633,1.258926552577054,1.2928996047017427,97.89170286643832,43.86576683039682,0.08510136585681907
2,1.128379515101419,1.0235741253483024,1.2104084200607563,99.7950443782717,36.53090185637043,0.01746182742037801
2,0.9227052576243293,1.3737255579928884,1.3512027000112092,103.55376210670096,60.69604531073798,0.07871176751129766
2,1.1406607103285562,1.1458522933312287,1.0228101741073778,93.22490883119363,28.5157684230055,0.11861276779840735
2,0.8216735121723967,1.1038273464293764,0.9230042477580988,97.95640563463716,59.10793848447794,0.14281336552468155
2,0.6178266248395833,1.157466240482846,0.9448463344859453,109.8833774121152,47.29274837835141,0.06090292017860495
2,0.9645146161182038,1.142709765431075,1.3421369141562345,105.46959515016039,50.3585873673315,-7.524340986914124e-06
2,0.9366422642342378,1.449985315087084,1.2989193605055027,81.52910414079696,42.49259333853125,0.04395441602243836
2,1.292220312072574,1.229313393873109,0.9848306660402847,100.3415794354079,24.14107576745213,0.047451160896302705
2,0.9572887451652619,1.3014810442143987,0.808802881910399,96.1884469229757,53.07748590815058,0.03645640026880184
2,0.9958365669568345,1.2079169403727203,1.3571570480534905,97.69863806888362,43.62719521299944,0.10564879259494066
2,0.684730266390131,1.1734940152138968,1.0316412483739235,98.610881872949,51.787251591702706,0.0966248445524652
2,0.8002635382942647,1.2164039043992654,1.3235662421150787,91.68634301202695,46.1613342431761,0.07420517969184115
2,0.9373989968326446,1.004321085330072,1.3116144281468307,92.25648099111817,53.20857576122826,0.06135870175857466
2,0.8248990696208479,1.345574790055856,1.2490826905216887,102.08665898963983,51.08920439845056,0.071343416592308
2,0.948326474456222,1.1206050729043417,1.235609742395039,93.06586668832648,56.88125075950282,0.07052497495040527
2,0.9541017128032668,1.2910473624785201,1.1035796631784374,97.0209168571469,44.75981241753223,0.10681455060672751
2,0.8174295555726588,1.1848515591272082,1.1015430091006213,108.64585195527657,44.20123700902851,0.13424897283481166
2,0.9186922844569809,1.1714779633913663,1.0743451817573404,86.8335857134199,36.70618522593052,0.06407999330782721
2,1.1771659697700259,1.1960248728765588,1.027303371557644,112.26534745606595,57.409417063138086,0.11766147382723281
2,0.7793820005529684,1.1405701655767613,1.3720604105472078,102.41139692000021,42.85898348083137,0.10155043883992512
2,1.1514598134716225,1.1314260514886083,1.1329159937929898,109.26560069217058,35.71770283232117,0.0803703637227842
2,0.7271220693898569,1.0819703403687826,1.0155349883779545,104.7711953787947,42.42381897089492,0.06054745625094782
2,0.9603109126649918,1.0623644726080284,1.1643204826750866,111.3138676195831,44.366367672095905,0.07392053020099375
2,1.0246880706431138,0.9565836697402146,1.1805226184896802,131.01885803744864,44.018590231082236,0.07642624898851008
2,1.0987214000199366,1.3974399201837553,1.2462451766651204,78.4439312141645,49.50719070130197,0.15715790435725024
2,1.074488209351893,1.0614477704073901,1.1422744436627923,87.19312748658933,54.862429514150875,0.05132352235916224
2,0.9648487269384045,1.0970663997609782,1.0180327913678013,114.86150645860495,45.82765731914958,0.0632239257882284
2,0.7209544058226554,0.9753958216320676,0.9123079049715971,101.11959241444377,52.84187014978131,0.06318945522733396
2,1.2641087201438028,1.1138999493326127,1.0642982415680182,89.20423279662748,52.92609387654285,0.14292531842133704
2,0.5976366078127604,1.1584605517638362,1.2897169770575054,85.53054478574398,49.53347125576869,0.11664416600622712
2,0.9656457628713674,1.2660315685128158,1.364135357919141,119.48426554101147,44.50426229572414,0.06402866452102302
2,0.7660039777852606,1.3172356980514455,0.8942336663313548,97.47425962008798,45.82151816763573,0.06490992461843736
2,1.0059640530038247,1.507741598195131,1.0817602114480187,95.6459437257261,53.122654595054826,0.08718750932436566
2,1.2378671542422752,1.2197625143783661,1.0627365188043452,82.16275111905445,32.04212244950608,0.024929039287186927
2,1.0258678332568478,1.0365300624159048,1.2883366048879075,100.30246564855953,43.04650464718665,0.05468434774386986
2,1.074451749654041,1.1034602616549105,0.952193299389518,111.88349920605349,47.83696928620018,0.07295211715255183
2,1.0782865969467432,1.201071824773284,1.1574519725677526,91.83152097624546,61.56318887128498,0.06261140096971325
2,1.2612032653899954,1.1773357380834628,1.2210645673482445,107.34223499026136,54.174814041200364,0.054781288785075655
2,1.1651270802557723,1.4215727821093729,1.0611960531137214,100.34706067142122,40.812426860158766,0.069606912434447
2,1.292284559786498,1.0794918568643754,0.9586821767223843,116.10900936414377,49.9963874071069,0.14361110747127573
2,0.8599122724348293,1.2151537364685083,1.0008984584342295,101.43301168647696,30.80722642172557,0.10054863669965025
2,1.0146948166984675,1.1930934405040896,1.0414453513100503,91.052460126319,50.821703296262086,0.044867300428897805
2,1.0523791824098485,1.4489341673771348,1.3228282232966448,84.94872057329347,40.70609551725358,0.09264352221666014
2,0.9359436155971299,1.0320713138061095,1.1577973927210237,99.899831048837,60.314603268830254,0.0724031389214766
2,1.1836006770653182,1.047949391624403,0.9457986053155238,107.2166195980949,53.669846244858995,0.051278218217768234
2,0.9548154812967823,1.0342104991765106,1.0728170260541783,108.36922785624125,41.52033200691084,0.07252895882168592
2,0.7240409203407896,1.1221969903650089,1.3637166374321508,100.72924891717133,36.981537866795215,0.07055684150246025
2,0.6305144757666875,1.0783008369431746,1.3040509608569681,98.57517575613394,60.12584140880965,0.07713956484511833
2,0.9428042607617008,1.2769072990250547,0.6991118626670899,102.04939323653575,44.608108095512385,0.12458116680545442
2,1.1429358788327235,1.063956997734384,1.2863207927941371,97.37685474419006,37.76437418963164,0.08591309752613607
2,0.9094461288672363,1.3846158376834228,1.1510933042736815,102.05658920886006,52.20517666284352,0.11278614854278136
2,1.1067210188594598,1.3703356167377945,1.1913023619370684,101.67651464726701,54.91337649670423,0.07727311579753585
2,0.9566493032689323,1.4065892300756297,1.3432886191932847,99.91824193076677,41.37158738155507,0.12389520500625495
2,1.1100836715830429,1.2378697505036835,1.0517190934715084,103.31696578714593,44.82633232089838,0.06006985461281013
2,0.975808465717447,1.231850885476753,1.0436907399619655,109.03825688609518,55.310659138487914,0.10909693080966237
2,0.894750322957201,1.2906985805026046,1.1116942096190061,87.64254021434049,50.381835027981964,0.08438394922870844
2,1.4687096004138613,1.3748725035934273,1.2066725235401787,102.4917050128818,46.309778040464145,0.04988931789100677
2,0.6022025545600178,1.0952929069102122,1.0928424472744356,78.94460721791016,40.64542566181801,0.07257160900626722
2,0.9069146893029083,1.1205931682174226,1.04877292784279,117.23893828123862,50.297162251924824,0.06319097669305551
2,0.9363304423276073,1.1966023997217279,0.9848066849389774,92.30869782256146,53.084192162613704,0.06740646867449553
2,0.7310607225938257,1.1948231587116669,1.1177014629693687,80.27295775806165,44.674029137462455,0.10603939803044782
2,1.0402458771043666,1.4675754138233965,1.287666422346827,114.48934024750854,67.40068748731461,0.10274468785323794
2,0.9826140415865402,1.3168488352117598,1.016114534990751,101.0768631949497,39.81817885537349,0.09193953672688646
2,0.8196181823960359,1.1175685800165938,1.1620209939658257,98.62288559219432,29.579830914266026,0.036333292360637315
2,0.7205467017077073,1.0940433712663231,1.1621634994217958,102.18938847071635,53.52223497359359,0.10258405468825313
2,1.1643805912365315,1.2730075429750947,1.1314518963637235,110.99351742287655,52.3553023339208,0.09128286102661974
2,1.2042143741720284,0.9185054108995924,1.0564305238789327,96.94209534348269,54.221463019852564,0.1271418499085231
2,0.6599641259579474,1.3693400608979132,0.9242832220960597,88.58784754439178,43.12571438138108,0.07045380583602247
2,0.6383165440566246,1.277985356819108,1.2019103637089903,110.54041596163671,41.53235736177708,0.07881251855082654
2,0.9439145670194714,1.4025594529762158,0.6748632826050174,90.43055651010897,45.044326742334384,0.047432892952534916
2,0.8983359285457765,1.1848709356356109,1.0013470836811298,100.64468926102673,50.02519422206251,0.07291200664906994
2,0.8593610532062528,1.1801082100015352,1.0988845480031617,82.59680434665577,48.69243134369023,0.06646996311659617
2,1.2023070149622102,1.2709264170770969,1.2755099606329483,89.88996206285091,42.028906870500585,0.04272624537627773
2,0.8089617582141347,1.3502526509410309,1.3231235866883744,88.5186670519554,41.333778653461735,0.07771412983928153
2,1.0671211283619562,0.9888227683756209,0.8595499877707343,104.89626143872403,29.407691448656607,0.06659607781583389
2,0.9824183617117681,1.249879916391974,1.0787422856684252,96.3424328095247,51.756566877731835,0.08855617779097273
2,0.820596675609708,1.2045267476018686,1.157475353398429,117.18237241451382,51.29058934633264,0.1164367056786183
2,0.827878520740074,1.1370980512493996,1.0646930010780515,98.56427353361836,36.93580033757688,0.11797800879670454
2,1.1266703275517584,1.1633186566438192,1.196256597352078,102.22899163003838,50.758623847451,0.0396707862942311
2,0.920867785360513,1.1930353766513044,1.1935463149417478,93.71562398817866,25.00055420734083,0.047549008469512384
2,0.9377904028578185,1.2076661070603998,1.3525622183937478,105.82746440658099,45.652242233851915,0.07902826169655687
2,1.1708366764339386,1.1291867457411073,1.0789574318389104,89.10741879861698,56.35124838956243,0.09177496811004841
2,0.8084953407992108,1.186265398761803,1.1764476144809421,97.49281087277724,40.72423502629919,0.06037178942047006
2,1.017792379848223,1.1570334864947178,1.031936339785588,86.63938244944595,45.62112461221736,0.07456329683624276
2,0.885670330271607,1.2238524812986462,1.2122003394103849,107.01565471940468,49.4218280071981,0.07277989164092837
2,0.8366003328117515,1.0747301230413076,1.0110265238992877,100.19650095136569,38.70971102678014,0.08288171417352329
2,0.756908664417627,1.0006809733191573,1.2229109181297193,95.25585404634155,38.30373077420887,0.04718458576107685
2,1.03460719494608,1.364988925376156,1.0395389208490784,97.84436625337418,53.57305471911258,0.02568662886925064
2,1.3433737285825333,1.4932920362791644,0.6940493705869877,99.02496771083243,39.24842374504349,0.07205684687285799
2,0.8663229860768152,1.297411091817523,1.0831145139548015,90.89092785800044,43.622518709639,0.0954435271088723
2,0.7132557344469436,1.0024519573236024,1.3989114201252981,93.57573320291564,43.90117610464382,0.06806613782523283
2,1.0596175408164283,1.4127347907709251,1.1869900762593928,84.81634852460009,33.92701258393176,0.06803105674019251
2,0.8963533600933467,0.9933658476544078,1.2229011380261663,89.13679442118521,56.946412497006044,0.1346189779161716
2,0.9003492934735645,1.2526767168501822,0.9152079166873699,106.23676326479115,41.01446061252504,0.0473829403523494
2,0.8921330023494031,1.1441102389913564,1.051226089549437,109.4967990281636,38.71753925891414,0.13205068999321629
2,0.6849880734349292,1.3938516327814314,0.947523406713996,99.98986767463384,41.07843109217584,0.06968813985386436
2,1.1102714472711097,1.3799792156674573,1.2785787057433464,95.95143667658152,46.47404177923643,0.056537663789949136
2,0.751689937485061,1.0624438913125598,1.0343640039523807,102.49605631014941,29.705478721987962,0.07860938892257703
2,1.253205024909905,1.334629328288895,1.0122223885210002,86.03127090717214,48.678642451718616,0.010477152493774997
2,1.1720308231765355,1.174369505054011,1.3746950480866102,82.73034514423534,52.345169801662664,0.07698473489557404
2,0.8837898937055839,1.0356187841745426,1.1893621860067576,106.76137384776858,59.281022415727115,0.11024150788581777
2,0.8312209342088529,1.0795364899658981,0.8947262849716422,114.7322434563947,38.77460572577707,0.12440689606913921
2,1.0550144081724133,1.2395883457912753,1.0539697531159553,106.6067291300225,44.87623389730558,0.06892360125593569
2,1.08920095732964,1.1827233468934644,0.9802497831891761,105.99826775460652,44.48811475497148,0.09466730035273413
2,0.8592280283291627,1.0549054434382852,1.3602610943771414,115.46611410763575,52.07027969009569,0.06836567943877181
2,0.8899364053677854,1.3658792935075756,1.046925494364888,93.67443963652703,59.977877405091625,0.07856966955158383
2,1.3036850657027692,1.0321929707171997,1.1777277324176754,120.71082599216615,45.23800595727089,0.07207986523196612
2,0.716449616480316,1.3298811665322297,0.984480787603897,99.05191440610011,35.12398176165911,0.12670683800292298
2,1.1809770621451365,1.1962098300944242,0.9268776596619609,115.35907049242633,42.07254618362282,0.046843854775474446
2,0.5975763975054911,1.1224841841727469,0.8818042816205092,93.77179163477176,50.95526986958172,0.068737995080743
2,1.0211386764227421,1.113199840856132,1.1097753599546347,119.20900822086021,42.21211137578483,0.09153288312858976
2,0.6368945545063123,1.3824127346900243,1.0284190056582703,110.50533649906501,44.01455763392876,0.09834738095062419
2,1.0842024854422,1.145707159258474,1.2637859653642778,92.41015136006901,51.223473760220344,0.06829384117500407
2,1.019911589726412,1.1445608397174887,1.1074963962059894,89.25306298308233,46.98045587751035,0.08132563504878758
2,0.8419692891855054,1.1933966440331645,1.1201006714251867,93.83642946734888,43.96993139416265,0.049833441773152375
2,1.4191466077922015,1.3270942392249823,1.1409641158447328,111.72112927476695,29.16598018652978,0.0032696078649798177
2,0.8701417876500187,1.034572302767747,1.0645091713327508,102.05656640594898,52.36331598672489,0.0458520804717436
2,1.0299261372320143,1.2017267631782678,1.1521263964899628,94.802280492464,56.06508111889696,0.07689474054710821
2,1.3048364447007537,1.105153361558133,1.211424100993333,99.40331519439471,42.37806066666589,0.0989694602140264
2,0.8901653041620821,0.8805641595411207,0.640569781523854,112.72422160284049,54.84206766303757,0.1366202283876784
2,0.9464943503435644,1.044883823760253,1.0370624236023498,100.11424515361313,36.943694205719126,0.12945724168921602
2,1.3979005759287473,1.2573936840876212,1.0983704379952708,87.05033021525568,57.37147116924841,0.08228920432547139
2,0.8921671203178775,1.2577408906409444,1.0121432706516222,101.46875173121819,33.46026519323472,0.11261261567757302
2,0.9291177917728654,1.3390561032760813,1.0698295733237573,98.63800291216022,35.30146057366434,0.1027927091905443
2,0.7748320091953816,1.1416293152160926,1.1001570779123806,101.21224183689357,31.351224478257926,0.0730758240353595
2,1.1090460437287426,1.1545994358571317,1.0662902368680018,101.62406050842726,43.99231653962401,0.049084534928371865
2,0.9427307752666191,1.3192887804007074,0.9423236079099365,96.25518110514182,33.94694940851938,0.10824145851471034
2,0.9315283586324242,1.0979760439672963,1.1138398400214766,87.96399785104548,36.73203574831675,0.036195994104446585
2,0.73664415248852,1.3628805100799768,0.9900322503076107,104.66225122651478,38.30958864035263,0.10278601237289658
2,0.7447835998137369,1.2047073513314108,1.1079276964803424,123.27805336426592,50.04340230384132,0.062212879570121796
2,1.0870097927301028,1.456580936458225,0.8555545864273558,91.57517957431273,43.10481952709365,0.06748735318574148
2,0.883448660334025,1.0434921281288108,1.310593408032502,85.7739140152338,43.398297523020005,0.11137491775282093
2,0.9439630285708295,1.0824726999716676,0.8976986515439065,97.70000803972218,38.94376347319627,0.08615693275108934
2,0.669709770455164,1.2975642884265146,1.1173324284746697,101.89836394352477,56.52861422592014,0.06686613504884402
2,0.8048366610533552,1.134268364598375,1.0711210145715113,99.09035105208672,38.354418107185815,0.019307442409008238
2,0.8378141998241924,1.2431790799544267,1.1204387459380238,111.99554469825827,60.643892351710306,0.10278001314375404
2,1.2265041284816451,1.2920129150715745,1.3564848883891076,118.50853634291268,52.60932136623141,0.10119140439273756
2,0.9089535656125265,1.1950395262843307,1.0493244002974609,106.21251610895055,39.23721570112521,0.07426681370660271
2,0.47896602296433993,1.4067707873727011,1.0669288126120524,104.55580437336577,56.66229355769122,0.08900880312323539
2,1.2388687404186862,1.050991462541836,1.4596064884396553,110.87110198488766,46.67361993989313,0.12275237997876337
2,0.7162730228021256,1.1653662145476607,1.316637559460357,81.32939819105036,49.48366219967044,0.09596528479535461
2,1.3438451633644326,1.0100453496333315,1.341444658554745,94.40529256851097,41.42392432070516,0.04333986839120621
2,0.7324295925066149,1.2484226816944706,0.9331502127827968,107.40284333652916,39.69627162424197,0.04360898582454058
2,0.8444381707280211,1.2404048630107567,1.058397010710347,100.34210118332798,50.569659694688674,0.11247264354850846
2,0.8879809382821138,1.0746933581308609,1.1114141718383774,104.70649586104072,33.3141975522244,0.053281751089772456
2,0.8061626208074117,1.1750613373535548,0.9858449144559822,107.070407250969,32.15893438833266,0.032608439084167266
2,0.8832222376977075,1.1789216635032171,0.8818034190712846,93.93251157352435,41.791649460647285,0.06820106158933563
2,0.9803762966578582,1.1206105338691725,1.3216754450012411,104.88204639733573,38.54309183486942,0.0828353448010272
2,0.9748030637211209,1.3457665769397336,1.0099426356625474,107.67338697720574,45.33483580625982,0.12474699549346299
2,1.2081782905278815,1.223637516551112,1.060657606847591,105.06605909679456,43.55639978298267,0.13040921317935006
2,0.9656940156354024,1.1513228840984595,1.0310577370889114,87.86964414801292,49.45247302474658,0.055399663920814926
2,1.1696296504375494,1.0448477935198113,1.1190862173459877,111.50223758497454,27.78202348301091,0.1405479663137656
2,0.864942960560378,1.2169314458594567,1.1857173838274517,107.26129056115553,47.191071506077456,0.10992153751119103
2,1.0538141425843626,1.4113057368038764,1.1783491314281898,119.64635519883088,52.208630721901244,0.025827496226952122
2,1.4722205356775682,1.1310787069827337,1.3243316022802603,100.26793443119439,53.488722060820635,0.05934563267402618
2,1.0751489086179176,1.1696171345526714,1.3368504667384833,104.38668167417009,52.48754113041253,0.0150776938558079
2,0.9328854640422749,1.2492661962069955,1.1335422359659562,109.61157213717851,42.07276603890036,0.08146361315103892
2,1.1862453528829984,0.9265573195865571,1.1884025752457512,96.66115174006447,37.70145500357103,0.0900963267282794
2,1.1954902593617311,1.3246972597781017,1.0797330453640057,108.75740963760948,51.94454318756675,0.077378861885205
2,0.8113838896023584,1.1237719162653204,1.2256780023302207,99.57853186287309,36.63054224215529,0.029454114934726258
2,1.116366290419276,1.1343865893282932,1.1495581633483973,112.39706907069123,34.52860418517212,0.07864587858461465
2,0.915861170756226,1.2455691450753552,1.2858739997630653,86.70548185337591,49.558383589646134,0.11094571324981103
2,0.9127245872086434,1.1835063608528251,1.1627674053477384,103.44817077889789,49.65882085893698,0.0968384157920365
2,0.7536055388768697,1.318831979724593,1.2750174743285358,101.86082893690298,33.04675754760267,0.07655762881999728
2,0.9888811753881136,1.0626479714655819,1.0459792904634482,85.90630612441458,49.85833779989155,0.08497865944706154
2,0.620843367037151,1.2421757833898377,1.0915236578914564,105.16414282754405,41.86774052995658,0.055955617977709274
2,0.7958310747084386,1.1354195740141915,1.1028237644871572,101.47958465424792,43.474240977535175,0.06730041353010442
2,0.8797193463989036,1.5009269742608318,0.9843912272752688,94.42027991453807,71.35083286694518,0.09263039907381658
2,0.6740038668192607,1.3011224644772716,0.963494166619828,109.09061507805097,43.31230176503455,0.06680612451531778
2,1.2718329937655166,1.2679681623191092,1.2459484156173812,104.34919679519946,41.44444380965521,0.09834063260774624
2,1.191843078536892,1.2161685652221064,1.370246390651976,108.50487203201908,46.6958603981729,0.08754459593053454
2,0.977447425793525,1.049851345728601,1.0864891706287094,102.21186485341167,41.67131902986777,0.09013031056114085
2,0.9542614980710222,1.2928430269318523,1.1994668571598597,101.67153287584841,34.06229686958402,0.13372168216043512
2,0.9216218002857713,1.1902936255565841,1.048621872695092,95.11588343934463,57.35246438400419,0.12158132961158238
2,1.0388786807155341,1.187099981468313,1.1928676977520631,100.73796981769372,43.47821665341521,0.0901431776451899
2,0.861768450610911,1.2302717116804118,1.1306331388432453,106.02936021257925,40.04690434019513,0.10130409058629622
2,0.7687377014098989,1.1312920018054513,1.0206612411281384,89.27948227626322,53.1252982670853,0.050928425714306086
2,0.8102167325186655,1.350648925258397,1.0144125947219524,98.11857314861903,36.90376799266771,0.10498853622868054
2,1.119347248838213,1.2886735084948135,1.1806294742290917,100.73589111019477,40.80498666449613,0.055550920800019374
2,1.2079811053523342,1.2917765126071907,0.9960043659199365,100.39831768223135,42.59907925611989,0.046153678828827496
2,0.9855302753242604,1.1501408802912965,0.9571195000556473,85.20867445858238,32.489571998354634,0.06885721616916082
2,0.9329810059150169,1.094963902780522,1.1976109141485842,99.34453458217038,49.6150824847892,0.07451267629436877
2,0.7925764729585788,1.2136941085366337,0.9105988231972517,105.39438520636648,37.50280634789493,0.10754697579600347
2,0.882308850751617,1.32750402195719,0.9316065217117528,93.2223029927118,48.04747957478857,0.11511491280280264
2,1.2833217816629845,1.2049639396417047,1.3756618446180133,97.1033545017457,53.79014097890378,0.051734570091220844
2,1.0340401013726508,0.9189968350972265,0.9317613482520315,104.66676798080765,34.50048918239581,0.09280848832367554
2,1.1312916241624726,1.1398415768738066,0.9546570566488704,95.2581338414526,37.27350144652652,0.07696359325952247
2,0.9704181249776163,1.1632787852283828,1.3511538860280234,92.80596180313024,56.1314654340425,0.04876282291063659
2,0.9645555139883097,1.3419726490257684,1.2697035728379977,95.79742102299765,49.44055776057076,0.09263537250992679
2,0.842012164281452,1.273913992457769,1.379373825807856,104.7170066506263,49.530851032565366,0.10016464934602122
2,0.6578046785289718,1.2552269607847546,0.947486063774221,94.101130593022,62.29553424950802,0.0724021517102357
2,0.8019651791411545,1.338309909468167,0.9578484495736436,95.52580855810322,54.992417343889336,0.08128302695923878
2,0.6376805909746941,1.2652787537187142,1.0405301176930237,115.39851486530245,40.15050441892693,0.11153677921177779
2,1.3051396064731429,1.0978868131426114,1.0710180468862711,103.88625274144451,38.14123397956661,0.08810884840123492
2,0.9050159424988015,1.170591891408796,1.1073407589062167,100.71264715578565,46.31104615260832,0.062035209636296475
2,0.8389656551300493,1.1857694893410202,1.093286353814631,95.61150660053383,47.59151713668815,0.0255571475397441
2,0.8039067482182096,1.1664086608556574,0.9715827219454094,116.29198014808891,45.150894773799614,0.0853030903467771
2,0.8533538584069078,1.1981065295552447,0.91771198035459,98.30182963904926,37.50393257123395,0.07167789245731512
2,0.43801668673950045,1.064639614986777,1.31958896067715,108.30397749107543,55.552314687321854,0.12163163809012771
2,1.0845974848328954,1.1456557577545037,0.9444123580601567,111.46744605449697,45.516543795099125,0.1548206844914572
2,0.8769804047978491,1.4367475025736576,1.076481231395637,113.360485972587,58.57353389785964,0.049311502154578635
2,0.8530003843418262,1.0760424929161763,0.9155083267612666,106.6706685052495,43.42697303800783,0.08157098969570409
2,1.061247826994656,0.9771135799542102,1.2930149005935583,96.50905836660083,49.25921044990286,0.09862138517685641
2,1.224159312152768,1.1874171134660358,0.7814543811435605,100.57127613453561,46.605654865292806,0.048972174225796486
2,0.9794981308865877,1.156677787832845,0.8985869076076235,106.71484895009284,40.49019879281763,0.06780862355788793
2,0.857484230542583,1.3482574316956977,1.0938625757339913,100.79099820545821,41.47491076490883,0.09388600466764715
2,1.2198636096901343,1.2777432980983807,1.2030300442002284,106.06230205884346,33.95805885351069,0.053716435049025846
2,0.9090025212801747,1.1128963149008129,0.9403194462866004,81.27824259129426,34.22776629492687,0.07230423327972199
2,0.9361147266362231,1.1048335468643309,1.111838781902484,95.66166359091623,53.724588698990786,0.07515122707925488
2,1.089266176280343,1.224385651475363,0.8896893441133918,99.09341824262825,35.11500720537053,0.07675637485349236
2,0.8009738365538621,1.2458355640181769,0.8986468493800699,100.14701825279437,49.57932466050555,0.10722786707926986
2,0.7971664484231553,1.202130116664861,1.127622045936736,115.47126279542768,33.1493595139989,0.052666923647868534
2,1.510892498547216,1.167228325925283,0.816350928514509,94.17449856651834,22.849014228285103,0.08722762137368459
2,1.1119569520556438,1.0906005148597495,1.029391411662274,109.23654155368912,30.998276281231437,0.040352863634013636
2,0.904376963656872,1.1097198195039817,1.055919965378962,87.36249680593478,46.714507887372065,0.07552300744460035
2,1.0598380988466065,1.224047940057635,1.1310035108744037,85.53692645469886,48.940732413158976,0.07007400794586674
2,0.9166803384700764,1.3257917251668971,0.9920846665224659,113.51184328459,56.555802394984745,0.10258353312093116
2,0.7538758378465156,0.9376448105247681,1.2618252371389913,101.1138506133108,39.0384202334283,0.11520687031266807
2,0.777688223824438,1.1491013690122869,1.1787335546475493,88.86397168385122,44.12415272314346,0.11267411551740084
2,0.992222148724226,1.3496911604188417,1.2700403537008997,100.07738334421619,26.306068989140893,0.046826831143540804
2,1.1026668224768978,1.0139698295657655,1.0509961117119575,103.38480613689032,56.75656556609208,0.06274940910636759
2,0.8213024581833741,1.1937065080205398,1.1526369454715155,98.45753172603906,53.394146791086484,0.05602568500914584
2,0.9740321866758087,1.2534255252296422,1.0399650785141217,108.39709936559967,46.19166832993879,0.10366537139456822
2,0.9888208216097664,1.2451685485784674,1.0051412364725967,93.69228294808777,54.79517183943021,0.09906531333560997
2,0.7454069667555197,1.2217036109585797,0.7439335919696862,94.26059836300584,52.688221412959244,0.07624563233866521
2,0.9735825339332062,0.8380342504175746,1.0411619572795774,103.38272223827212,48.72231900318672,0.10887067134003092
2,0.9079484496453143,1.180121302485102,0.9001823855885207,97.95478460826801,34.90739950081761,0.024563896405837497
2,0.7329641259778843,1.3810421889364766,1.0594158197730086,102.19877363023366,40.89202999041555,0.026283469416443078
2,1.1372226249859414,0.9393362232173292,1.0167810984812513,99.45385119149938,46.843917147438844,0.0582059118641339
2,0.582407703389005,1.1038688049197474,0.9876863018570508,92.26906504844919,52.76046872166083,0.043591916655825735
2,1.0101958548876318,1.2189956444661498,1.2440682616207506,98.66868128263069,51.32904773758047,0.07483339585717706
2,1.03687850531696,1.019647069530331,0.7042582885563338,103.77546853565853,48.44946500831384,0.09426506999455647
2,0.8450134970490641,1.3787666702652446,1.031018327639447,104.2087901967237,49.75708980003263,0.13156220479247333
2,0.8865940760420332,1.1216168512525015,0.8752781923377017,115.52367006662473,48.37128725638832,0.09359183317682906
2,1.573340848264784,1.239005368942356,0.9046517892349952,98.04096425007023,37.201740729210776,0.06812394816251682
2,0.8694820794490785,1.129557073071954,0.8910076241966906,115.92501633672296,47.39078435550715,0.07323583895899285
2,1.1015275659031485,1.2565280729819268,1.1413536099113073,106.84998072766827,46.07147795006925,0.10010664370974774
2,1.100622460175555,1.2195262482039364,1.0669408259755828,115.30397801453908,41.176787681812534,0.09173940801282038
2,1.0327816821478133,1.1268530577283637,0.9788266422032761,96.46147979130149,41.06226517459514,0.03625608315083404
2,0.8197009834961448,1.2319467581561474,1.28989153762229,105.54391335173634,24.203724013038094,0.09923911144271982
2,0.8383696428208564,1.2543696089625316,1.097879711118406,98.07312373913172,44.18211417630287,0.0793272707519066
2,1.2188809944180488,1.1976407775497895,1.26283041997718,109.39905865845657,50.336364380669224,0.02640143539610968
2,1.1733265312323213,1.1450518447037294,1.2073590921612158,90.27467166759587,35.51940765357395,0.139291662104936
2,0.7586033866323771,1.3375327966862096,1.1177630482154783,95.79879941639828,44.64136892535835,0.04096716510406067
2,0.9472491240781539,1.0700711623324848,1.0406834308529023,109.25299563969575,47.03352541246126,0.03553488503358436
2,1.1202976253827739,1.1991480285709029,1.0186722097385994,107.46676303908932,43.66234530418398,0.04503015980282862
2,1.319561942289921,1.1979255068530814,1.0877922193276675,95.9489482826941,54.439725915660716,0.0642536447557388
2,0.641004028237679,1.1185586805724825,1.299016190068219,108.32132161457118,42.95987477872111,0.12119765424921422
2,1.0995884457643765,1.1680092763638472,1.0751135217348382,103.29317731945434,38.34490440268947,0.08013515196528052
2,1.011702672922658,0.9975640513669752,1.0716019516148154,96.96943814634312,53.22454415968258,0.02466509018566898
2,0.8736987960592578,1.1421894423162495,1.2440106445882402,99.56453430635108,59.36875716521895,0.0998664014571916
2,0.8679554011620961,1.228759043587075,1.0468896785945814,108.59396090490421,34.342418293671905,0.05528912070286
2,1.0411379837109842,1.3470907738468345,0.7697047105791203,113.74471215990415,43.87891897257595,0.023483751141885112
2,0.34965443162213217,1.0164736721030063,1.0970442716231898,99.34101962191116,50.06560347767448,0.0635153846731711
2,0.7283918907107658,1.1504296334806927,1.1050415430367366,102.30772794955277,38.686682405820754,0.1070434010100608
2,0.8257206456551932,1.0956339165210114,1.0186412735797565,110.74840175702607,43.93762837647473,0.05916459490790685
2,1.1352215500897087,1.4571298247938496,1.1314523951463422,112.33842460865434,53.288623604598314,0.06183080745025001
2,0.9553268360952465,1.0460946444355215,1.0692586600457548,93.73809630874275,41.77691234259492,0.0575031490585899
2,0.8925806383608865,1.2638679223517897,1.0820762134340007,81.35626802244614,39.03103548081211,0.034418019423252434
2,0.9988120451963535,1.2603980836865025,1.1384822332781248,92.12595606700613,46.97483143304973,0.06589657232693374
2,0.7223549100499495,1.2890315903650715,1.2227041630585658,109.48895481083505,40.13321119974035,0.11538086938079237
2,0.8512835497343865,1.2784201585846215,1.0233631007349988,97.76017836254229,25.630577140886484,0.07094260356749253
2,0.9682179933570054,1.1507940459163393,1.363428210212771,88.37533914674724,40.49135010316859,0.05285382170042441
2,0.8372446042009057,1.3237695675528847,1.3217047691490447,92.99207389081059,39.215939658214374,0.04528614054218255
2,1.2112570773038607,1.3345205288299562,1.0841027300016821,86.0390080369312,34.546699476349986,0.08511888351153779
2,1.0598675836892997,0.9520626233974622,1.0518035134193178,116.18295889557383,43.25992634695772,0.12468914272371873
2,1.0798092257911367,1.069886447899757,1.0560993059972217,98.71305761455297,37.379907455251946,0.050903959315671765
2,1.251353718423712,1.0827167256368457,1.2617654114613022,95.63515521634983,44.79488536093462,0.09685533254715718
2,0.8302882654190642,1.2681485176193439,0.7930355450677428,104.39707388414637,25.251759003426912,0.07319459819904628
2,1.1208485970636983,1.274675436727005,0.9052384281557089,88.30335603906482,39.490623677418924,0.08558647587074404
2,0.5436133619912593,1.198413170898173,1.1467144060700099,97.16962819129016,49.202567744424414,0.08671172474978613
2,0.8416691481202209,0.9676572767688612,1.1200119622356235,90.46924634770022,40.37325900110764,0.09437372653889257
2,1.2334666766868703,1.1954327851869588,1.1831097254668808,85.5552065884711,46.96418864796028,0.07820282186968514
2,1.1958455161252364,1.1351449828765492,1.0637543574256445,110.58814467132795,44.263729660842806,0.04673475856138194
2,1.4603266546580245,1.070568868399592,1.0902949877675716,103.46688156025613,47.14094007224892,0.07430768887980804
2,0.9130479258947384,1.1718081760454453,0.9326099212112943,121.50219214422728,43.24007265829298,0.09790792978469287
2,0.8830694284636789,1.157428359317342,1.0316834505995525,84.5015421201075,43.71503087903385,0.0677897703704171
2,1.1843049018369554,1.0563959858898582,1.0134279233667718,91.01559533245918,56.54024315209447,0.05391774665435986
2,1.0624599689452272,1.3164193768087176,1.0780815632876888,86.23188999059532,34.08676912989048,0.10579292194388239
2,0.6978811962400284,1.2470431933271895,1.1171523664730896,103.77132484311028,48.772678462767104,0.05198987646746295
2,0.7548943641970517,1.2857912560920481,1.0055983084153406,72.49851507994852,50.19004238307092,0.048912161357936954
2,1.0434271755810507,1.3671386219180364,1.1025143685892922,109.9576583166353,46.23038144428962,0.12762287984423443
2,0.7375785782485788,1.1990142023500212,1.2009742407562203,98.09588242989955,54.217751973221354,0.06703881381467659
2,1.3638742303257776,1.4546637005126692,1.142310799434095,105.52601180354617,54.533371484997105,0.044384078030979
2,0.6875999970844417,1.350770269662916,1.14109827093095,97.7349475402021,45.08898642304929,0.008418755829077931
2,0.9118875371085997,1.1096343912968132,1.2377107450422624,109.95030778384006,49.613441873039285,0.09186375946397425
2,0.6505306502559464,1.2708771695996248,1.1944096918285076,112.4519265376873,61.94567849944158,0.029223179792851744
2,0.8723046348763572,1.1109280035410827,1.1258760782577613,100.13401858218039,43.12734341535884,0.11082813084203522
2,0.7297171577638433,1.0750654239128872,0.9463662093352938,96.39672412574014,35.17127827270523,0.07854285533602189
2,0.9169019610738266,1.1056181863201104,1.2310649381084295,99.40499471713264,53.50117891225443,0.07414850446386705
2,0.945161022353729,1.1324661114381946,1.0989430189196774,107.12231306132047,41.709326141837614,0.09555235887603993
2,0.7874506077908517,1.291086067862665,1.013014125903211,108.51679873229051,45.48781233946932,0.1256286120017319
2,0.7191864547491582,1.0228587872025758,1.0075674131036652,86.15389051965687,33.93812084457378,0.09864652281379628
2,0.9491642413174682,1.1424382827954889,1.0419556104041854,94.02762335673661,58.20295334255235,0.0579348287707089
2,0.68557322038334,1.2955260740983592,1.067636656497827,120.38773688817885,40.79035488964692,0.10537952539270376
2,1.166439466119861,1.1374397001357595,0.9885618848136447,107.41366530930905,49.599135343311445,0.037681696978672206
2,0.7243128727390558,0.8956283994062393,1.1893080280968205,97.38172806864254,43.702796632197746,0.029256677068944408
2,0.7303795293821347,1.142644930491892,0.999151159977827,101.17836075517631,49.667745013054514,0.14808837707855593
2,0.9459965939938149,1.3338483195716333,0.9755040834530339,83.25053685024645,42.181586826319005,0.03206834846377276
2,0.9529346334338206,1.1063455050589601,0.8068592919868123,117.36025145860177,40.69950629515696,0.030871420911674066
2,1.1296343581014578,1.1125662764952857,1.2635249050535995,92.6660566532195,40.67281847789762,0.0903449512843114
2,1.068643876140822,1.2922180484808719,1.0865388291906006,105.28616721554583,50.96502885538737,0.08601707415700549
2,0.9214683773471407,1.0265646062122644,1.1898761235169983,100.4217369914115,41.69107318119434,0.1183329909077498
2,0.6644332734173368,1.3972843578437864,1.0966590082048302,103.17518178502898,41.83964708375783,0.0299878126243001
2,0.922078020306844,1.240169388827135,1.2014338169603893,98.01966801561099,27.459681270364655,0.03375015966252124
2,1.3604039247526587,1.068895681947346,1.3140574187358813,90.65913262582404,43.54035272217706,0.09875624778799712
2,0.7859611106838252,1.3910658162910865,1.1113592537102617,104.6085084629967,42.859143935846994,0.09976160861051273
2,1.2657585479699724,1.1842456874852143,1.3594569186123855,93.88404191620882,51.11276831481368,0.0946734300872915
2,0.7362835854635261,1.2256571645564798,1.101104890677556,91.46807823723155,47.864019473553014,0.08438868638325553
2,0.9354826105385566,1.1917707037129577,1.0864984611614572,96.32300378753672,46.11867276011985,0.06068257362908659
2,1.4813618982939998,1.030880010544162,1.0122895884148313,94.9425789542306,61.323947314596296,0.040395960500675024
2,1.035184459597222,1.2298072878055848,1.1500403457011823,112.3634316261094,54.72663487797671,0.06647129520439649
2,0.9888034898987982,0.9763077561417427,1.1148639512782894,92.06010572168081,43.50894059231587,0.02943884405549916
2,1.030974457343815,0.9964117565309271,1.122242691018738,87.7349440697745,38.202871718912924,0.11464196307635488
2,1.0675835891827243,1.337904376520465,1.3339590698751935,92.27161292860235,56.991773299526976,0.036034830314632955
2,1.0992200669089807,1.1407994742480034,0.9604549786041027,106.14469867304443,52.5596122013537,0.10745805159939634
2,0.9929719777789584,1.2158348761595086,1.1790299878549855,103.0376407551719,49.330846716687844,0.08611998383332142
2,1.1185567649012726,1.0047350632139487,1.0803089787370421,86.16153506154414,47.21361614083908,0.12925790527561093
2,0.8551830436106063,1.2152702436356657,1.213473007238246,79.32277068233475,40.8231161428465,0.09093546977818551
2,0.3706010548685449,1.0827829808310034,1.2651286960071935,110.02996900450725,47.9945458189608,0.10646592919829533
2,0.9930208468842927,1.2666473888930776,1.052651943673908,101.15812682922093,39.941036908673425,0.1179045003254694
2,1.2543118819004404,1.3655895360836487,1.0387836857483208,90.46225960634912,55.2157892860013,0.09631721607774238
2,1.0157168683047284,1.1239641498065824,1.1638495718955149,89.14721940338065,50.07249884863226,0.1213666009881863
2,1.2762091087815906,1.2850228864931779,0.8926967675568318,101.97330130946021,62.1174539524617,0.05394165228673148
2,0.9381636854179566,1.3696229222161171,1.192570088311038,124.80156324485105,39.13704493417129,0.05030732642777534
2,1.1948250871670347,1.0564945646074158,1.0704848016773696,99.34353455140423,53.28791578708738,0.0984280390407574
2,1.0414129828353724,1.1517082946518,1.2822506028622915,140.25824042727265,50.53025679138332,0.0829901662264051
2,0.6904274058015678,1.1235022260819416,1.0679434649079045,94.65399759732867,44.87137732378522,0.13334048230421863
2,1.1994333834738469,1.1809400740238094,0.918758008300121,113.37367642902413,44.60756581230908,0.02820498723192935
2,1.0924860236986071,1.3230824021080159,0.7361137392597997,91.75445357867096,44.11636790953829,0.10203532733925852
2,0.8468506830751656,1.1001429717631277,1.2090753874520423,95.31677626685841,49.336437204389576,0.04665453035076229
2,0.6795333961527202,1.2906322989084476,1.137877986547582,109.22455733236207,40.739255992628465,0.05614684092560765
2,1.222143777508182,1.0172449483206636,1.2877191063770939,113.20504707482384,51.8807161141286,0.059365774489686565
2,0.7866952326549281,1.174793307240216,0.9057440484752902,90.38306001246403,50.15787433207237,0.09948047342672471
2,0.7400850346930087,1.2811346322360089,1.168145495860971,115.09886254577103,49.55309153494017,0.11175743161203133
2,1.0454155181860423,1.3175914931636625,0.9069324265148339,98.78255542889086,44.688137854179764,0.07268750159194153
2,1.038777326063345,1.2761255585394902,1.1588385615606724,98.23056118778662,39.114159361239004,0.11291558222468702
2,1.019946563322767,1.077766336992071,1.0709468687525565,82.56700322292639,45.28296491477954,0.07404860172204213
2,0.8351066099289324,1.3901520227764235,0.9265768820686833,107.06392951682335,62.49366528745499,0.11231803711150064
2,0.9436922435804466,1.0639117632692008,0.8956906735123318,95.88448305042478,39.50399412868873,0.05841359273125603
2,0.8847373089057511,1.1877303488537174,1.1727817921467945,87.62203780537571,39.5420496309356,0.07520983751532556
2,0.9109029613153461,1.4203708448896106,1.1348369889085788,83.86410188040576,48.34545089269412,0.09636991168231937
2,0.9249743943510523,1.0543923990708959,1.3637082042970194,89.30116086418742,50.28617765132747,0.08600151587191807
2,1.070162109805954,1.4048229509000796,1.1842458308211554,94.41335772956467,53.84793820102369,0.061067016498676414
2,0.9827116022790535,1.0448299670381052,0.9450078158994872,100.51386670436186,47.94469366864698,0.02892828131926909
2,1.0494574736001328,1.1016685228082044,1.291953202350675,96.48035571175492,36.01102184360011,0.08227413673877756
2,0.7667529997842548,1.352273416971975,1.1000795311299651,98.48323376906713,49.734408151448065,0.04985157682399121
2,0.6921692689342971,1.2490021895329964,0.9350493937986788,88.99989846250543,51.6940482497671,0.0957519232995182
2,0.6992340915094177,1.1257036748470397,0.964440266608052,117.7631929804058,52.24808342056487,0.06737465461984178
2,1.0652389378686984,1.0372576576883004,0.9991030773215761,101.04863265941886,48.6178459931673,0.07707622623459667
2,0.9996027021428452,1.2094003751943752,1.0754633896966526,97.03854407809106,41.58988101857773,0.08695812525885764
2,1.0321631178398911,1.22380310007826,0.9232104424998412,90.01072148856812,48.19105444758454,0.12415019902012633
2,0.980483092311751,1.1505997905027607,1.1336510683164165,88.63178577486572,55.471545252291705,0.08559782433524085
2,0.8161085573578903,1.179984544068855,1.0209445651904576,113.11669976816833,43.382079284423526,0.08466097238346779
2,1.0647452913302584,1.111108007548255,1.1290564199202737,102.7443556939421,32.56736943183503,0.0875808946633283
2,0.9408475870113722,1.2155959550539195,1.105344457023585,102.59169872950082,55.69874580540926,0.04461477763744672
2,0.8815695328999159,1.2799942354755403,1.1721388801591868,104.59405553342084,67.0286177253867,0.09842406572350118
2,1.176187559251005,1.163151352937699,0.9510631439154078,96.85682570766366,50.69568137074723,0.09220483564487526
2,1.0306502741197758,1.1742786735843447,1.0439296071780537,98.20142755706722,50.7958036013217,0.10522182284511254
2,0.7487516700657544,1.2914811071317738,1.0023918153865656,104.68921651841053,43.46427406030009,0.12697365647716954
2,0.8663850742037709,1.2214334209073738,1.1909889736339143,91.26041149877118,44.41714355658444,0.07200245346130588
2,0.8472373033188053,1.1472332398220113,1.2668021897205193,94.01449265239667,49.53126306137285,0.08943785006093433
2,0.6706039768449648,1.2623003326111728,0.8879730185363459,106.2809182816516,40.94246685495322,0.08025101759769357
2,0.6911440100747321,1.2146858788325778,1.239042562695593,91.9303457197738,40.14266331084791,0.09363863070702469
2,1.0459236647293877,0.9078984841909792,1.4023109545674162,105.28553483548332,50.575349299623696,0.07569378660013949
2,0.578929298289551,1.2809666473500287,1.015221795765367,105.4393169418334,43.24959143789817,0.08714118137349132
2,0.795000723718151,1.3037266731214718,0.9217431440813493,122.4556942533919,62.90358907989609,0.12898098756399531
2,1.2050957971549021,1.189854197011963,1.2749820058620813,99.03823501723872,32.57185966203755,0.12509604242092065
2,1.175764892584501,1.1962393070813477,0.9162223614003275,94.13799323421026,30.430835320899924,0.10835242557853932
2,0.6293382066271639,1.234419704417601,0.9734459978330469,85.73296555000523,46.906840746228575,0.06998601844063906
2,1.1176378210850735,1.047887367752555,0.9864028031789267,76.12357791509109,27.525226541376618,0.1339457722993554
2,1.3667196488199338,1.2111271446268743,0.9764256851140234,97.01551074509894,51.98859361989091,0.06456832940533862
2,0.9975267734083378,1.19846927394225,1.0146780994875715,94.73807254008129,47.346566973484066,0.05069335590837676
2,1.0403458691247032,1.143410524842098,1.1191050956972346,113.83962566168559,43.65446363818438,0.10759413020575977
2,0.5915934288232343,1.1435564383631287,1.104153293161411,119.23330679206458,29.320383333920876,0.0771137041432167
2,1.2413377701832526,1.1057975513679754,1.0680741784361496,103.3173898505554,46.476068429782245,0.12697311426363242
2,1.0396947620146464,1.3593327474617063,1.0459987464035134,92.59474588749703,43.19421445584292,0.045226907198971954
2,1.046702339242019,1.1536946264693704,0.9992316650033788,104.98658409621002,35.85027377620569,0.10311506641567383
2,0.8543325223017277,1.339091573291302,1.0410893632655651,106.31909666557924,46.436498990183246,0.10231705621143461
2,0.9719893784295254,1.0003923105188106,1.2513190308863198,99.12317077542093,51.316128618838505,0.10070739430606569
2,0.7953407037977316,1.0902245513789643,1.1983032652173506,96.96750970589486,52.49143423573197,0.0746539717141093
2,1.1546819554896577,1.250796538105092,1.1431962490571224,96.25988801259726,46.85942091249213,0.11578558144858128
2,0.939156908267336,1.2637409332420626,1.106954011437456,101.24604042745422,58.787286055506385,0.11605190093118653
2,0.9658807630391436,1.225734490552324,0.9947194244673547,98.27028453735046,47.47518230038892,0.10551840768707384
2,1.0998441793821838,1.0668889132914587,1.2465474096017948,99.11226320622447,37.1040691545797,0.12009154212295764
2,1.2426557993475906,1.2316496378808792,1.2063190402857853,107.67449208744432,56.16617722249801,0.10184205576295174
2,0.6844623445122862,1.4411769298765353,1.2598485334220064,94.90475794727236,36.76299942114072,0.09514440291212252
2,0.8943479923264841,1.239599442479875,1.2115110261917397,94.33558112003205,36.0711360585253,0.09157455403615934
2,0.8433224289446053,1.2175314942878877,0.8985010344556604,97.47817275525362,50.71961512831997,0.09817797522940391
2,0.7923284058253462,1.0598082756818337,1.1023645534627688,105.61032797019409,48.241401121540406,0.0646352046691607
2,1.0095648884973207,1.3802826565531192,1.1307717030963542,83.6685206418138,46.62560270480514,0.14131870913637828
2,0.6925218373768809,1.2035669594194827,1.06604968504518,100.95882959275065,46.554017225230176,0.11419915958188773
2,0.9669566572801621,1.3532711468654457,1.0823516511820277,96.49863226025367,39.64653613569115,0.02548738912639542
2,1.0051562823851679,1.4464800346166211,1.1687353215928793,106.86747354161679,41.69574939988436,0.07266999826178988
2,1.1469282976666524,1.4410432368347783,1.323192190369523,108.05244629728023,45.28120463512407,0.0862915674280197
2,0.7992985361143491,1.0262198974436811,0.930980246336009,100.49800034521938,42.66406190858658,0.03591674885840947
2,0.9425353241900527,1.1617883610640867,0.924072671707388,96.2982098937993,42.43237599426924,0.061500885802266
2,1.135334032955188,0.9716518125488025,0.8021301513933544,100.03285784449092,45.769017515138444,0.0921264540805692
2,0.8422052983441811,1.0898491433889201,1.098902580095758,95.58421864652004,57.40857123724555,0.07027318250224425
2,0.9393629696565844,1.497050176751753,1.070785965990397,105.56156865199091,50.170475467090824,0.10194204931154643
2,1.0078974530822504,1.2232608953292612,1.1150501434755675,94.24006097766227,47.60415042271415,0.14085937512273777
2,1.1921363817927115,1.2364701626669563,1.2283744697158987,91.30824091269348,42.91590276640225,0.10843549532552166
2,1.2474334386916384,1.1074960593485546,1.0274617535865265,121.81375793878536,45.77008999815178,0.13470085918101135
2,0.9913714634551585,1.2295416338790521,1.0541763668510156,109.42555141510229,55.862220402432,0.048949933095773994
2,0.8795098895559126,1.3098094229249064,1.080567704332351,95.06614531466789,53.07633723095522,0.11310359614137533
2,0.8600715818655722,1.2254839833585534,0.9187287806143651,91.04519089521301,45.99332185706704,0.0809422036273953
2,0.756624781653873,1.114083129032931,0.9402433445066662,104.5505985691321,29.258886426464798,0.049652683113194124
2,0.5774116904335358,1.2502824724629575,0.8295899674917948,100.3172919853554,58.11619212597939,0.13020301943812707
2,0.5888184861642357,1.2358091521957146,0.9516543055429318,88.06863964289742,44.09224036487941,0.11684873470799376
2,1.0699317748440715,1.1141830885820543,1.2057550996115005,77.56291668118321,38.97643361253408,0.055283253658962486
2,0.9656641383477862,1.1756606443608,1.0787793359570172,98.25280469893862,45.179257927912694,0.09620392900874672
2,0.9798662052204765,1.1658777820074528,1.1602622419707174,108.26123543652764,40.55179287421897,0.07821791807981973
2,1.1823813126093172,1.0676687187279172,1.3707053294383917,86.60845025260424,42.23708311036211,0.05149430009371964
2,1.3875853993738754,1.1395979965383418,1.0248738265207202,96.29251260060082,45.7648224631516,0.07014674663286467
2,0.92342263907552,0.7764948056371515,1.1085739754002741,100.17806621486645,53.30855037929915,0.11927182844838205
2,0.9124583877216405,1.2979474898008747,0.9347646829332792,107.67342342696105,40.420193606923384,0.04445907595609836
2,0.9128822643591898,1.3680566936637335,1.1271508305096272,114.9648814767838,39.010138289473566,0.1114355331364397
2,0.8195679925526109,1.2270394405787044,1.1325024242989123,106.61491733924173,47.00592495929062,0.05782446386534548
2,1.1260613904185128,1.4077987913190473,1.0124294866615824,81.64767923554967,48.99455654683031,0.07006458817843553
2,0.9237794288089407,1.2667413306877213,1.0315411355261603,97.31148028656328,44.19904386450731,0.12409261813955048
2,0.9560139208227163,1.0517191703022046,0.9206182278288328,101.39229921659602,35.96457599447217,0.03313089539227518
2,1.0771071981868021,1.2821398083442372,1.044779519915922,102.9365929115171,46.504973153564,0.09807258157907256
2,1.0709499807879599,0.8873053694967328,1.0639251562276408,105.17904188178133,41.71634727168789,0.0810860791777948
2,1.1001399963356155,1.2097110279902594,1.32618791258523,111.26986252281121,44.05148677622853,0.07405861487825664
2,0.37993517895972706,1.160819736373137,0.8970096660934211,102.21229542000623,46.22296568896002,0.10087567268080333
2,1.2293340943896383,1.1968476684393639,1.4420624467884795,102.32451445219904,34.518268850266935,0.06313784374669641
2,0.8754506599384355,1.2710552581384054,0.957912514965605,97.02024117190604,43.71167775363131,0.06655637577033369
2,1.1122830763359437,1.2769585666158427,1.2749850702655938,96.689748188888,54.620220541183215,0.03908008742068863
2,0.6723231398020285,1.0543437976690544,1.1013817538948134,112.02378116577756,40.18286335488296,0.06569919785106688
2,0.9067964089381324,1.2687393748065185,1.028356204496814,94.665830420835,34.23683789313848,0.06284836666468636
2,1.1854923505870665,1.210911121017417,0.9890218234628129,112.36143972728934,40.3182919835185,0.12259866738447397
2,1.23072139558002,1.2067213951649602,0.8752175708942469,122.89500615345756,48.09820845011637,0.0702833892583823
2,1.141225582955011,1.2842763344425616,1.2966407524829662,93.37652211320103,47.54778730219514,0.0444238930926519
2,1.0832668791482467,1.1972465556447374,1.1421513883230219,98.5365027615953,42.99208943529311,0.05395306477955858
2,1.1080860429368466,1.3787644844089724,1.0164997461634873,105.53540504971095,48.457468997281936,0.08024293434046577
2,0.6446808533270566,1.0438083178667288,0.9828527073272645,78.60995276428068,56.26424583924492,0.0910310968753914
2,0.9440077903201756,0.9371717016878605,0.82641937174694,99.97658611813041,60.763919723871815,0.05904067412380755
2,1.1227596028824876,1.1424117110790046,1.10828588889333,112.14683848892932,42.23238695866765,0.059296852758436006
2,1.2336141108249528,1.2054669385336314,1.2636807635879246,93.14751106615313,56.2533936716878,0.08820881823603834
2,1.0369575252429317,1.215795517371501,1.0241787527005248,99.98317189505028,41.45927809608507,0.10878638187934357
2,0.9093885665862675,1.020419132664732,0.8480864397516075,82.73281847679576,49.94376606043153,0.04545487065879668
2,1.0100171551677133,1.2163889420989695,1.0902937107635335,104.38405203382369,46.26642829672421,-0.0012918922834284918
2,0.8852749518303019,1.2510123760876117,1.3460424216132498,116.86457616582497,34.09479589131794,0.06950824102061681
2,0.6367770372584003,1.38238620901321,1.2519284312222827,103.50587886863175,46.32875889008168,0.12141893301048423
2,1.1922650389520277,1.3389653635987344,1.168501978967339,96.50771700485838,51.13699865614046,0.10448125715765344
2,0.911872506081608,1.1578501297398909,1.2699969904337316,116.64116108769606,39.00483375268187,0.07209869973656077
2,1.0201866152909396,1.2583918797298332,1.021645046113806,118.83520630344044,48.37676212436137,0.09594150225411659
2,1.3017768163023509,1.1461126049706492,1.0867352185336583,87.46677770978371,43.621196221971374,0.03533217428193912
2,1.0995698708386343,1.250399610008399,1.058439603944219,98.99576292182152,51.09173132151192,0.045926117393303066
2,0.9908335734905046,1.2839411767750493,0.8326588883889139,106.8493800570202,31.607500293907464,0.07647216548445403
2,0.7173217791809547,1.3717495895148017,0.926431841877148,83.49810108034617,46.066817132770524,0.06758891059937532
2,0.6490789542672133,1.263097823898582,0.8012751406325482,89.63759027416876,40.39825383663372,0.1040666717646542
2,1.2090936734026303,1.3323338696793088,1.0770089314306652,75.72691755204843,48.12682416974847,0.1241172121767384
2,1.1967580815627137,1.2555538811692464,0.9215745853492322,94.74692996371584,60.4705151899654,0.03749811396007599
2,0.7204317543699228,1.313106186139834,1.035326113279171,88.18244877795378,57.22376942978413,0.0938316793443542
2,0.8736397671245644,1.062507019692058,1.4071109845789906,99.75548181253393,56.178624499755955,0.10680900633828319
2,0.8458196876673532,1.1384470662012263,1.3169472346900881,114.62517332619977,29.984672191034125,0.09649340782946578
2,0.9257570390552761,1.0760012204473792,1.1392619142075797,86.50403209013605,41.2683571628312,0.05604578801690098
2,0.8500417471688002,1.191422580760561,0.9476650007141771,115.73179028873298,48.946265867153,0.13383689085146164
2,0.917984006184396,1.134145204524347,1.3637623421739544,94.21940260126016,43.573663824087,0.10160142231491945
2,0.7024548383405442,1.285355362175238,1.1875020599246904,112.69325318037832,52.120356024081126,0.11899935058632713
2,0.927915619898318,1.0964795617551526,1.4164978121125045,84.73304384478033,33.58789536900954,0.09695384121526494
2,1.2749972096354698,1.2227461015096999,1.249895554955331,80.04197272528042,41.003640302550906,0.02378156578570223
2,1.106082191645732,1.0143322408093183,0.908327173095103,105.14025204961403,53.494594816141834,0.07523095675312351
2,1.0640345008217018,1.264534580024771,1.0676859710836293,89.05294517113751,49.51913125507714,0.09839287072325248
2,1.1288048806180517,1.2374479708894677,0.9247250129781012,106.9034016136918,44.98895135817327,0.06551787667029971
2,0.8910728325612575,1.1171691385931544,1.2333265668281643,85.8188526641998,37.05211252154865,0.07013681345984916
2,1.2727501696477999,1.3265136658911418,0.8538738795129163,113.51347088752486,55.79536173586947,0.044779750219320714
2,0.44570834588071084,1.1913334053183309,1.2683636613949734,115.91261969800202,38.033381885109996,0.13255937313988897
2,0.5044135208366597,1.1558339263404855,1.037418399617638,111.52337024924303,55.38641972751824,0.10862670966300186
2,0.6798899902508211,1.3035142838158706,1.1763562952890239,83.28765614720409,28.463889369586504,0.11113967870062329
2,0.913980139804151,1.045778148905415,1.0687742106936848,103.64041081113203,44.33719098665962,0.033440415406217415
2,1.327111380712822,1.320506156278547,1.04969338224898,97.04905344097712,47.875899157705405,0.046111358127790054
2,1.0145352873073936,1.0403121075767081,1.0894198674732252,88.31428500143141,36.05532814138628,0.1293716784085463
2,0.9618451788569108,1.2248887782481401,0.7982930208378016,94.02998241478952,48.68969694963478,0.08582408797842515
2,0.5191940357292588,1.2248565499988497,1.1549838205324534,112.83761998198699,39.75815104849326,0.012737938395929876
2,0.7506458496389689,1.068352195335773,1.2105063316669962,72.83263411604682,41.41314831941902,0.12277386420731765
2,0.951442492566727,1.3075580179411708,0.8537302499673369,83.98010486793677,56.49793966276187,0.0830364609727176
